:020000040800F2
:1000000000060020E1020008E3020008E302000805
:10001000E3020008E3020008E3020008E30200082C
:10002000E3020008E3020008E3020008E5770008A5
:10003000E3020008E3020008E3020008E30200080C
:10004000E3020008E3020008E3020008E3020008FC
:10005000E3020008E3020008E3020008E3020008EC
:10006000E3020008E3020008E30200088D460008EE
:10007000B5460008E14600080D470008394700086A
:10008000614700088D470008E3020008E30200080A
:10009000E3020008E3020008E3020008E3020008AC
:1000A000E3020008E3020008E3020008E30200089C
:1000B000E3020008E3020008E3020008E30200088C
:1000C000E3020008E3020008E3020008E30200087C
:1000D000E3020008E3020008E1860008F586000854
:1000E000E3020008E3020008E3020008E30200085C
:1000F000E3020008E3020008E3020008B947000831
:10010000E3020008CD8600081D870008E30200080E
:10011000E3020008E3020008E3020008E30200082B
:10012000E54700080D480008394800086548000800
:1001300091480008E3020008E3020008E302000817
:10014000E3020008E3020008E3020008E3020008FB
:10015000B9480008E548000811490008E302000812
:10016000E3020008E3020008E3020008E3020008DB
:10017000E3020008BD830008E3020008E302000870
:10018000E3020008E302000809870008E302000810
:10019000E3020008E3020008E3020008E3020008AB
:1001A000E3020008E3020008E3020008E30200089B
:1001B000E3020008E3020008E3020008E30200088B
:1001C000E3020008E3020008E3020008E30200087B
:1001D000E3020008A9830008E3020008E302000824
:1001E000E3020008E3020008E3020008E30200085B
:1001F000E3020008E3020008E3020008E30200084B
:10020000E3020008E3020008E3020008E30200083A
:10021000E3020008E3020008E3020008E30200082A
:10022000E3020008E3020008E3020008E30200081A
:10023000E3020008E3020008E3020008E30200080A
:10024000E3020008E3020008E3020008E3020008FA
:10025000E3020008E3020008E3020008E3020008EA
:10026000E3020008E3020008E3020008E3020008DA
:10027000E3020008E3020008E3020008E3020008CA
:10028000E3020008E3020008E3020008E3020008BA
:10029000E3020008E3020008E3020008E3020008AA
:1002A000E3020008E3020008E3020008E30200089A
:1002B000E3020008E3020008E3020008E30200088A
:1002C000E3020008E3020008E3020008E30200087A
:1002D000E3020008E3020008E3020008E30200086A
:1002E00002E000F000F8FEE772B6374880F30888B5
:1002F000364880F3098836483649086040F20000E5
:10030000CCF200004EF63471CEF200010860BFF36B
:100310004F8FBFF36F8F40F20000C0F2F0004EF637
:100320008851CEF200010860BFF34F8FBFF36F8F8B
:100330004FF00000E1EE100A4EF63C71CEF20001E3
:100340000860062080F31488BFF36F8F07F0ACFAC3
:1003500006F0E2FB4FF055301F491B4A91423CBF6B
:1003600041F8040BFAE71D49184A91423CBF41F895
:10037000040BFAE71A491B4A1B4B9A423EBF51F83D
:10038000040B42F8040BF8E700201849184A914280
:100390003CBF41F8040BFAE707F0C4FA06F042FC50
:1003A000144C154DAC4203DA54F8041B8847F9E7A6
:1003B00000F0C4F9114C124DAC4203DA54F8041B9E
:1003C0008847F9E707F0ACBA0006002000220020B9
:1003D0000000000808ED00E00000002000060020FA
:1003E000889B000800220020742200207822002030
:1003F000B4660020E0020008E0020008E002000805
:10040000E00200082DE9F04F2DED108AC1F80CD064
:10041000D0F80CD0BDEC108ABDE8F08F002383F338
:1004200011882846A047002006F058F9FEE706F09C
:10043000ABF800DFFEE7000053B94AB9002908BF56
:1004400000281CBF4FF0FF314FF0FF3000F074B9AF
:10045000ADF1080C6DE904CE00F006F8DDF804E01B
:10046000DDE9022304B070472DE9F047089D0446FA
:100470008E46002B4DD18A42944669D9B2FA82F257
:1004800052B101FA02F3C2F1200120FA01F10CFA93
:1004900002FC41EA030E94404FEA1C48210CBEFBCB
:1004A000F8F61FFA8CF708FB16E341EA034306FB54
:1004B00007F199420AD91CEB030306F1FF3080F0E3
:1004C0001F81994240F21C81023E63445B1AA4B230
:1004D000B3FBF8F008FB103344EA034400FB07F7D2
:1004E000A7420AD91CEB040400F1FF3380F00A8113
:1004F000A74240F207816444023840EA0640E41B08
:1005000000261DB1D4400023C5E900433146BDE8B3
:10051000F0878B4209D9002D00F0EF800026C5E955
:10052000000130463146BDE8F087B3FA83F6002E6D
:100530004AD18B4202D3824200F2F980841A61EBE5
:10054000030301209E46002DE0D0C5E9004EDDE703
:1005500002B9FFDEB2FA82F2002A40F09280A1EBEB
:100560000C014FEA1C471FFA8CFE0126200CB1FB40
:10057000F7F307FB131140EA01410EFB03F0884239
:1005800008D91CEB010103F1FF3802D2884200F2C6
:10059000CB804346091AA4B2B1FBF7F007FB101158
:1005A00044EA01440EFB00FEA64508D91CEB0404F6
:1005B00000F1FF3102D2A64500F2BB800846A4EB51
:1005C0000E0440EA03409CE7C6F12007B34022FA3C
:1005D00007FC4CEA030C20FA07F401FA06F31C436B
:1005E000F9404FEA1C4900FA06F3B1FBF9F8200C78
:1005F0001FFA8CFE09FB181140EA014108FB0EF0BE
:10060000884202FA06F20BD91CEB010108F1FF3A0D
:1006100080F08880884240F28580A8F10208614419
:10062000091AA4B2B1FBF9F009FB101144EA014127
:1006300000FB0EFE8E4508D91CEB010100F1FF34D2
:100640006CD28E456AD90238614440EA0840A0FB6A
:100650000294A1EB0E01A142C846A64656D353D040
:100660005DB1B3EB080261EB0E0101FA07F722FA64
:1006700006F3F1401F43C5E9007100263146BDE88D
:10068000F087C2F12003D8400CFA02FC21FA03F3F0
:10069000914001434FEA1C471FFA8CFEB3FBF7F071
:1006A00007FB10360B0C43EA064300FB0EF69E4296
:1006B00004FA02F408D91CEB030300F1FF382FD22F
:1006C0009E422DD9023863449B1B89B2B3FBF7F6D7
:1006D00007FB163341EA034106FB0EF38B4208D9B0
:1006E0001CEB010106F1FF3816D28B4214D9023EF1
:1006F0006144C91A46EA004638E72E46284605E70F
:100700000646E3E61846F8E64B45A9D2B9EB0208DF
:1007100064EB0C0E0138A3E74646EAE7204694E76F
:100720004046D1E7D0467BE7023B614432E73046A2
:1007300009E76444023842E7704700BF38B501F06A
:10074000FBF901F0ABFB06F005FF054607F03CF8AE
:100750000446D0B90F4B9D4219D001339D4241F25E
:10076000883504BF01240025002006F0FDFE0CB1F1
:1007700000F076F801F032FB00F022FD08B100F045
:100780006FF8284600F00EF9F9E70025ECE705467A
:10079000EAE700BF010007B008B501F099F9A0F140
:1007A00020035842584108BD07B5042101900DEBC4
:1007B000010001F0ABF903B05DF804FB38B530235C
:1007C00083F31188174803680BB106F06BF8002318
:1007D000154A4FF47A71134806F05AF8002383F350
:1007E0001188124C236813B12368013B23606368AE
:1007F00013B16368013B63600D4D2B7833B96368B7
:100800007BB9022001F054FA322363602B78032B6A
:1008100007D163682BB9022001F04AFA4FF47A73CA
:10082000636038BD78220020BD07000898230020AF
:1008300090220020084B187003280CD8DFE800F045
:1008400008050208022001F029BA022001F01CBAB2
:10085000024B00225A60704790220020982300200B
:10086000F8B5494B494A1C461968013100F08A80A5
:1008700004339342F8D16268454B9A4240F2828039
:10088000444B9B6803F1006303F500339A4279D22D
:10089000002001F06BF90220FFF7CCFF3E4B002156
:1008A0009A6C99641A6F19671A6FDA6CD9645A6F67
:1008B00059675A6F1A6D19659A6F99679B6F374B15
:1008C000D3F8802042F00062C3F88020D3F8802063
:1008D00022F00062C3F88020D3F88020D3F8802073
:1008E00042F00072C3F88020D3F8802022F000721A
:1008F000C3F88020D3F8803072B64FF0E023C3F8FD
:10090000084DD4E90004BFF34F8FBFF36F8F244A23
:10091000C2F88410BFF34F8F536923F480335361BF
:10092000BFF34F8FD2F8803043F6E076C3F3C905AA
:10093000C3F34E335B0103EA060C29464CEA817788
:100940000139C2F87472F9D2203B13F1200FF2D1B1
:10095000BFF34F8FBFF36F8FBFF34F8FBFF36F8F17
:10096000536923F4003353610023C2F85032BFF3BC
:100970004F8FBFF36F8F302383F31188854680F349
:1009800008882047F8BD00BF0000020820000208C8
:10099000FFFF0108002200200045025800440258D1
:1009A00000ED00E02DE9F04F95B0DFF8D89220225D
:1009B000FF21029004A8D9F8085001F0B9F9A84A1B
:1009C0001378A3B90121A74811700360302383F382
:1009D000118803680BB105F065FF0023A24A4FF4AC
:1009E0007A71A04805F054FF002383F31188029B1D
:1009F00013B19E4B029A1A609D4A1378032B03D0C1
:100A000000231370994A53604FF0000B029C5E461E
:100A1000DA46CDF804B0012001F040F924B1934B3F
:100A20001B68002B00F02882002001F051F8B0F183
:100A30000008F3DB012001F027F9A8F121031F2BA7
:100A4000E9D801A252F823F0C90A0008E50A000813
:100A5000730B0008170A0008170A0008170A000895
:100A6000FD0B0008EF0D0008E10C00083D0D00082B
:100A7000630D0008890D0008170A00089B0D000887
:100A8000BF0D0008370E0008510B0008170A0008B8
:100A90007F0E0008D50A0008510B0008170A00084D
:100AA0003D0D0008170A0008170A0008170A000879
:100AB000170A0008170A0008170A0008170A000892
:100AC000170A0008730B00080220FFF765FE0028D4
:100AD00040F0FF81029B02216648BBF1000F08BF76
:100AE0001C4640E04FF47A7000F0F2FF071EF1DB85
:100AF0000220FFF751FE0028ECD0013F052F00F245
:100B0000EA81DFE807F003070A0D10330520FFF73D
:100B10004BFE14E0D9F80000F9E7D9F80400F6E735
:100B2000D9F80800F3E74FF01C08404608F1040824
:100B300001F01EF8FFF738FEB8F12C0FF5D10120B7
:100B4000019B4FF0000A00FA07F71F43FBB2019325
:100B500001F03AF92EB1019B03F00B030B2B08BFF8
:100B600000240221444800F0D1FF54E7D9F80C00DA
:100B7000CDE7002EAED0019B03F00B030B2BA9D1C8
:100B80000220FFF709FE07460028A3D00120002617
:100B900000F0ECFF0220FFF74DFE1FFA86FB5846DF
:100BA00000F0F4FF044688B1A8F14002584601362F
:100BB0005142514100F0FAFF0028EED1BB460446F5
:100BC00002212E483E4600F0A1FF24E725460120E1
:100BD000FFF730FED9F80830AB4207D9284600F0BD
:100BE000C7FF013040F07A810435F3E70025204B40
:100BF000BB463E461D701D4B5D60A9E7002E3FF4CD
:100C000069AF019B03F00B030B2B7FF463AF022052
:100C1000FFF710FE322000F05BFFB0F10008FFF696
:100C200059AF18F003077FF455AF08EB0503D9F867
:100C3000082093423FF64EAFB8F5807F3FF74AAFAA
:100C40000F4BB84503931FDD4FF47A7000F040FF5F
:100C50000028FFF63FAF039B013703F8010BF0E7D5
:100C60009423002078220020BD070008982300204C
:100C70009022002030910008289100082C91000853
:100C80009422002000220020C820FFF785FD07469F
:100C900000283FF41FAF1F2D11D8C5F1200204AB6F
:100CA00025F003008F494245184428BF424603926D
:100CB00001F018F8039AFF218A4801F039F84FEA49
:100CC000A803C8F3870287492846039301F038F840
:100CD000064600283FF474AF039B05EB830537E716
:100CE0000220FFF759FD00283FF4F4AE00F07CFF2E
:100CF00000283FF4EFAE0027B846D9F80830BB42D1
:100D000018D91F2F11D8049B01330ED027F00303ED
:100D100014AA134453F8403C0C93404604220CA9F7
:100D2000043701F053F98046E7E7384600F020FF2A
:100D30000C90F2E74046FFF737FD09E700236421F6
:100D40000CA80C9300F0D8FE00287FF4C3AE02205C
:100D5000FFF722FD00283FF4BDAE0C9800F03AFFEB
:100D6000E9E7002364210CA80C9300F0C5FE0028DD
:100D70007FF4B0AE0220FFF70FFD00283FF4AAAECB
:100D80000C9800F029FFD6E70220FFF705FD0028A8
:100D90003FF4A0AE00F038FFCDE70220FFF7FCFCE7
:100DA00000283FF497AE0CA9142000F033FF039005
:100DB000FFF7FAFC03990CA800F0A8FEC8E6022091
:100DC000FFF7EAFC00283FF485AE474B0CAF03F178
:100DD000100C1868083353F8041C3A46634503C2E4
:100DE0001746F6D11020FFF7DFFC1021E3E7322091
:100DF00000F06EFE071EFFF66DAEBB077FF46AAE15
:100E000007EB0A03D9F8082093423FF663AE0220AD
:100E1000FFF7C2FC00283FF45DAE27F003075744FC
:100E2000BA453FF495AE50460AF1040A00F0A0FE20
:100E3000FFF7BAFCF4E74FF47A70FFF7ADFC002837
:100E40003FF448AE00F0D0FE002849D0049B0133A7
:100E50000BD0082204A9002000F072FF00283FD028
:100E60002022FF2104A800F063FF2048022100F0A7
:100E70004DFE1F4805F038FC15B0BDE8F08F002E80
:100E80003FF428AE019B03F00B030B2B7FF422AE43
:100E9000002364210CA80C9300F02EFE07460028C6
:100EA0007FF418AE0220FFF777FC804600283FF45D
:100EB00011AE02210D4800F029FE41F2883005F004
:100EC00013FC0C9800F0C8FF46463C4600F07CFF3F
:100ED000A1E506463CE64FF0000AFBE5BB466FE69F
:100EE00037466DE6942200201491000828910008EE
:100EF000A0860100704700007047000070470000A6
:100F00002DE9F04100F58037044616463B7C5BB97D
:100F1000C0681030204400F0E5FEE5683544B5F5C2
:100F2000004FE56002D816B1BDE8F081DEB905F0EA
:100F30007F0605F110000021C6F180062044F6B2BC
:100F400032462E4400F0F4FEA06804F11008324648
:100F500000F10060414600F5003006F09BF830B922
:100F600001233B74E0E74FF400463546ECE7A26806
:100F700005F11001404632442144A260E268521B50
:100F8000E26000F0AFFE0220BDE8F04100F090BE4C
:100F9000183000F0E9BC000010B5044601F032F84A
:100FA000204610BD10B5044601F02CF8204610BDB7
:100FB000C0B2A0F14103052B02D83738C0B2704748
:100FC000A0F16103052B94BF57383038F6E70000D5
:100FD00070B504461546084603220C4900F08CFE05
:100FE000014688B908346E1C15F91100FFF7E0FFBF
:100FF000024616F911000131FFF7DAFF102940EA25
:10100000021004F8010BEFD170BD00BF349100084D
:101010002DE9F04FADF53F7D0746416801222AA832
:1010200002F0E0FE002840F08780064682468146B6
:101030001125DFF80C81DFF80CB101AB4FF48052C1
:1010400041462AA803F02EF8002875D1019AB2F57E
:10105000805F71D8002A65D00446019A9442ECD290
:10106000282D0FD008DC132D2DD01E2D39D0112D99
:1010700013D00134A4B2F0E7322D2DD0372D2FD06C
:101080002D2DF6D13B68121B08EB040138461B6975
:101090002D259847BDF80440EBE7121B022A09D919
:1010A000594608EB040000F027FE18B90234282541
:1010B000A4B2DEE718F804303A2B3DD00A2B1CBF4F
:1010C000A1461325D5E718F804300A2B34D03A2B63
:1010D00004BFA2463225CCE718F80430202BC8D034
:1010E000264618F804300A2B1AD1AAEB090208EB9D
:1010F000090102A811254F2A28BF4F2207F0F6FF49
:10110000A21B08EB060116A84F2A28BF4F2207F0A2
:10111000EDFF3B6816AA02A9DB6838469847A8E7A6
:101120001E25A6E73B68384604491B6998470120FD
:101130000DF53F7DBDE8F08F0020F9E736920008FD
:10114000A02300203891000800F1180110B50446D2
:1011500086B00846019100F0F1FB2046FFF758FFEA
:1011600060B1019902A800F049FC102204F10801C5
:1011700002A807F07BFFB0FA80F0400906B010BD6E
:1011800070B504460025EEB2304600F0FFFC58B1C1
:1011900000213046013500F009FD08B9002070BD7E
:1011A000022000F085FDEEE72046FFF731FF002822
:1011B000F4D004F58034207C80F00100EFE70000DB
:1011C000F0B5C9B006F0DEF900F038FF18B9002517
:1011D000284649B0F0BD69462A4803F025F80028A2
:1011E0004BD1294C204603F04FF8284803F04CF827
:1011F000274803F049F82146224803F0C1F80028A7
:10120000E5D1702000F0F8FE064610B1214B446095
:101210000360336830469B689847054600282ED007
:101220001A4F1948394603F0ABF805460028CED1CD
:10123000194800F0E1FE044638B1184B47600360DE
:1012400000F58033C0E902551D74236820469B6871
:101250009847054628B10E490C4803F091F800283C
:10126000B5D1336830465B6898471CB12368204687
:101270005B68984700F0CAFEAAE70025FAE7044633
:10128000EFE700BF3C9100084C9100086391000813
:10129000799100089C91000814000100B8910008A1
:1012A0002DE9F04FD44A8DB00B68D0F804A001931B
:1012B0001A440368D14E1A44D1F81C90DFF8B4C325
:1012C000DFF8B4B3D0E90234634003EA0A036340B1
:1012D00013444A6802920AEB7363029CC84A224490
:1012E000C468224484688AEA04051D4065401544A8
:1012F0008A68039203EB3555039CC24A22448468F2
:1013000022448AEA03042C4084EA0A041444CA688A
:1013100005EBF4340492164483EA05022240564455
:101320005A4032440E69059604EBB222059FB64E30
:101330003E441E4485EA040313406B4033444E6927
:10134000069602EB7363069FB04E3E442E4484EA39
:1013500002051D40654035448E69079603EB3555FF
:10136000079FAB4E3E44264482EA03042C4054407F
:101370003444A84E4E4405EBF434164483EA050287
:1013800022405A4032440E6A089604EBB222089F6B
:10139000A14E3E441E4485EA040313406B4033448F
:1013A0004E6A099602EB7363099F9C4ED1F830E0B8
:1013B0003E44D1F83880F3442E4484EA02051D40AF
:1013C000654035448E6AA6F5244703EB35550A96E9
:1013D0004F3F274482EA03042C4054403C44CF6AE8
:1013E0000B9705EBF4340B9E8D4F3744029E174448
:1013F00083EA050222405A403A448A4F774404EB7C
:10140000B2221F4485EA040313406B403B444F6BF8
:10141000BC4402EB7363654484EA020C0CEA030CDF
:101420008CEA040C6544DFF854C2C44403EB355520
:10143000A44482EA03042C4054406444D1F83CC0E4
:10144000794905EBF4346144114483EA05022240F2
:101450005A400A44754904EBB2223144079E1944AC
:1014600084EA02032B4063400B44714902EBF363AF
:1014700031440B9E0D4482EA03012140514029442E
:101480006C4D03EBF1513544019E254483EA010480
:1014900014405C402C44684D01EBB4443544069E36
:1014A000154481EA04021A404A402A44634D04EB81
:1014B000323235440A9E1D4484EA02030B406340E5
:1014C0002B445F4D02EBF3633544059E0D4482EAE5
:1014D00003012140514029445A4D03EBF151654429
:1014E000254483EA010414405C402C44564D01EB32
:1014F000B4443544099E154481EA04021A404A4026
:101500002A44524D04EB32323544049E1D4484EA91
:1015100002030B4063402B444D4D02EBF363454403
:101520000D4482EA0301214051402944494D03EB17
:10153000F1513544089E2C4483EA010515405D4075
:101540002C44454D01EBB4443544039E2A4481EAC2
:1015500004051D404D402A44404D04EB32323D44C9
:101560002B4484EA020593440D4065402B443C4DD6
:1015700002EBF3633544069E294482EA03052540C5
:1015800055402944374D03EBF1514D442C4483EA37
:10159000010515405D40254401EBB54581EA050490
:1015A00004EA03024A405A44A6F5B82B089E05EB0C
:1015B0003232ABF2BE6B54405B4423442A4C344479
:1015C00002EB33730B9E0C4485EA0201594021441F
:1015D000264C344403EB7151029E254482EA0304F5
:1015E0004C402544224C444401EB3545144483EAE5
:1015F00001026A40224443E078A46AD7EECEBDC11E
:1016000056B7C7E8DB702024AF0F7CF52AC68747A2
:10161000134630A8019546FDD8988069AFF7448BF2
:10162000BED75C892211906B2108B44962251EF651
:1016300040B340C0515A5E26AAC7B6E95D102FD606
:101640005314440281E6A1D8C8FBD3E7E6CDE121DB
:10165000D60737C3870DD5F4ED145A4505E9E3A93C
:10166000F8A3EFFCD9026F6781F6718722619D6D47
:101670000C38E5FD937198FD8A4C2A8D8E4379A62E
:10168000934C344405EB7222059E1C4481EA050309
:10169000534023448F4C344402EB33730A9E0C4472
:1016A00085EA0201594021448B4C4C4403EB7151B3
:1016B000254482EA03044C402C44884D354401EB18
:1016C0003444019E154483EA010262402A44844D59
:1016D0003D4404EB72221D4481EA040353402B4431
:1016E000804D354402EB3373049E294484EA02059D
:1016F0005D4029447C4D354403EB7151079E2544E0
:1017000082EA03044C402C44784D354401EB3444C8
:10171000099E2A4483EA010565401544744A32440F
:1017200004EB7525039E134481EA04026A401A44BF
:10173000704B734405EB32720B4484EA050151404F
:1017400019446D4B634402EB71511C4485EA02035A
:101750004B401C44694B334401EB3444019E1D440F
:1017600082EA010363402B44654D04EB7323354447
:10177000069E154463EA010262402A44614D03EB70
:10178000B2624D4462EA040929445F4D89EA0309C3
:10179000454449442C445D4D02EBB1513544049E0F
:1017A00061EA03081D4488EA0208444401EB7444DA
:1017B00064EA02034B402B44554D04EBF32375447C
:1017C00063EA010E15448EEA040E0EEB0502514D3C
:1017D00003EBB262354462EA040E29440A9D8EEAA4
:1017E000030EA5F580164C4D7144A6F6833602EB28
:1017F000B151264461EA030454403444029E01EB93
:101800007444354464EA02061D444E407319089E30
:10181000424D04EBF323354463EA01061544664068
:1018200072193F4D03EBB262654462EA0406294433
:101830003C4D5E403144079E02EBB151354461EAB4
:1018400003062C44384D56403D443444059E1D4407
:1018500001EB744464EA02034B402B44334D04EB28
:10186000F32335440B9E154463EA010262402A4487
:101870002F4D03EBB2623544039E0D4462EA04012E
:10188000594029442B4D02EBB15135442A4E254491
:1018900061EA030454402C44099D01EB74442E4436
:1018A00064EA02051E4485EA01039D1903681A448F
:1018B0000AEB040303EBF5230260436083681C44D6
:1018C000C36819448460C1600DB0BDE8F08F00BFEB
:1018D00044EABEA4A9CFDE4B604BBBF670BCBFBED2
:1018E000C67E9B28FA27A1EA8530EFD4051D88041F
:1018F00039D0D4D9E599DBE6F87CA21F6556ACC493
:10190000442229F497FF2A43A72394AB39A093FCE0
:10191000C3595B6592CC0C8FD15D84854F7EA86FD7
:10192000E0E62CFE144301A3A111084E827E53F77A
:1019300035F23ABDBBD2D72A91D386EB094B03606F
:1019400003F18833436003F12943A3F59613A3F60B
:101950008B638360A3F18833C3600023C0E9043341
:10196000704700BF012345672DE9F843144602691B
:1019700005460E46E300C2F3C50800F118079B18A0
:10198000036122BF43690133436112F4FC7F436961
:1019900003EB5473436114D0C8F1400907EB08000E
:1019A0004C4504D22246BDE8F84307F06FBB403CEB
:1019B0004A464E4407F06AFB444439462846FFF73E
:1019C0006FFCA04606EB0409B8F13F0FA9EB080134
:1019D0000AD94022384607F059FB39462846A8F173
:1019E0004008FFF75DFCEFE7A1096FF03F023846C2
:1019F00002FB014206EB8111D5E7000070B50B69CF
:101A000001F1180506460C46C3F3C503EA18501C3D
:101A10008022EA54C3F13F02072A1FD8002100F0B8
:101A200087F929462046FFF73BFC3822002128464B
:101A300000F07EF9236929462046236563696365C2
:101A4000FFF72EFC21461022304607F01FFB2046F0
:101A500058220021BDE8704000F06AB9C3F1370296
:101A60000021E5E72DE9F84F4FF47A7306460D465D
:101A7000002402FB03F7DFF85080DFF8509098F95C
:101A800000305FFA84FA5A1C01D0A34210D159F8F1
:101A900024002A4631460368D3F820B03B46D84795
:101AA000854205D1074B012083F800A0BDE8F88FDF
:101AB0000134042CE3D14FF4FA7004F015FE002039
:101AC000F4E700BFE433002010220020142200209D
:101AD000002307B5024601210DF107008DF80730FC
:101AE000FFF7C0FF20B19DF8070003B05DF804FBCD
:101AF0004FF0FF30F9E700000A46042108B5FFF770
:101B0000B1FF80F00100C0B2404208BD074B0A4659
:101B100030B41978064B53F821400146236820461B
:101B2000DD69044BAC4630BC604700BFE4330020A5
:101B300014220020A086010070B50A4E00240A4D30
:101B400005F04CFA308028683388834208D905F0C4
:101B500041FA2B6804440133B4F5003F2B60F2D303
:101B600070BD00BFE6330020A033002005F010BB9D
:101B700000F1006000F500300068704700F100607F
:101B8000920000F5003005F085BA0000054B1A6898
:101B9000054B1B889B1A834202D9104405F01ABAE0
:101BA00000207047A0330020E633002038B50446FB
:101BB000074D29B128682044BDE8384005F022BA15
:101BC0002868204405F00CFA0028F3D038BD00BF87
:101BD000A03300200020704700F1FF5000F58F1067
:101BE000D0F8000870470000064991F8243033B15E
:101BF00000230822086A81F82430FFF7BFBF0120C4
:101C0000704700BFA4330020014B1868704700BF25
:101C10000010005C194B01380322084470B51D68A0
:101C2000174BC5F30B042D0C1E88A6420BD15C6824
:101C30000A46013C824213460FD214F9016F4EB19D
:101C400002F8016BF6E7013A03F10803ECD1814297
:101C50000B4602D22C2203F8012B0424094A1688D1
:101C6000AE4204D1984284BF967803F8016B013CE0
:101C700002F10402F3D1581A70BD00BF0010005CDD
:101C800024220020F8910008022803D1024B4FF0D3
:101C900080529A61704700BF00100258022803D199
:101CA000024B4FF480529A61704700BF00100258F7
:101CB000022804D1024A536983F480535361704768
:101CC0000010025870B504464FF47A764CB1412C9E
:101CD000254628BF412506FB05F0641B04F004FDE2
:101CE000F4E770BD002310B5934203D0CC5CC4541C
:101CF0000133F9E710BD0000013810B510F9013FBC
:101D00003BB191F900409C4203D11AB10131013A33
:101D1000F4E71AB191F90020981A10BD1046FCE7BB
:101D200003460246D01A12F9011B0029FAD1704766
:101D300002440346934202D003F8011BFAE77047BE
:101D40002DE9F8431F4D14460746884695F8242090
:101D500052BBDFF870909CB395F824302BB9202249
:101D6000FF2148462F62FFF7E3FF95F82400414624
:101D7000C0F1080205EB8000A24228BF2246D6B27D
:101D80009200FFF7AFFF95F82430A41B17441E44C0
:101D90009044E4B2F6B2082E85F82460DBD1FFF758
:101DA00023FF0028D7D108E02B6A03EB820383428C
:101DB000CFD0FFF719FF0028CBD10020BDE8F88372
:101DC0000120FBE7A4330020024B1A78024B1A7063
:101DD000704700BFE433002010220020F8B5194CF2
:101DE000194803F079FF2146174803F0A1FF246842
:101DF0004FF47A70154ED4F89020154DD2F804386F
:101E0000114F43F00203C2F80438FFF75BFF20468E
:101E1000104904F09BF8D4F890200424D2F8043838
:101E200023F00203C2F804384FF4E133336055F86D
:101E3000040BB84202D0314603F0ACFE013CF6D1AF
:101E4000F8BD00BFF899000818490020CC330020E5
:101E500014220020009A00080C4B70B50C4D04466B
:101E60001E780C4B55F826209A420DD00A4B0021C3
:101E700018221846FFF75CFF0460014655F826005B
:101E8000BDE8704003F086BE70BD00BFE4330020A3
:101E90001422002018490020CC3300202DE9F047FF
:101EA00071B6464B01201D68454BB3F800800023F6
:101EB0001A46194602F0CAFD0446802005F008FAC9
:101EC0000746002862D0002C60D03E4EADB24FF0E5
:101ED000800A7369284643F0C0637361D6F81431F1
:101EE00043F0C063C6F8143105F074F805EB08023E
:101EF00000FB05F34FF4D06C50434FF03D0E984279
:101F000033D93269520144D4D6F81021510140D45A
:101F1000216803F100628A602268D7602268C2F8F3
:101F200004A02268C2F800C0D4F80090D9F80020BC
:101F300042F00102C9F80020D4F80090D9F800203E
:101F400022F01E02C9F80020D4F80090D9F8002031
:101F5000D207FBD494F80C90803361680EFA09F232
:101F60000A60CCE7002005F013F9204602F0A4FD3A
:101F7000384605F0E9F9134B5A6942F0C0625A61DC
:101F8000D3F8142142F0C062C3F8142161B6BDE851
:101F9000F0870D4B9A6A42F400729A629A6A42F490
:101FA00000429A6261B60026012005F0F1F8B045C2
:101FB000D8D9A819013605F025F8F8E7A033002094
:101FC000E63300200020005200ED00E030B50A4466
:101FD000084D91420DD011F8013B5840082340F3C1
:101FE0000004013B2C4013F0FF0384EA5000F6D1BB
:101FF000EFE730BD2083B8ED0121884238BF0846A5
:1020000005F09EB908B105F09FB9704710B5084CAE
:1020100001220849002001F0C1FE23783BB10648A7
:1020200003F030FD044803F063FD0023237010BD6E
:10203000E833002008920008C83600202DE9F0415E
:10204000234C244E236DBBB901224FF4004104F10F
:10205000500005F001FB236D1B686BB901224FF4A2
:10206000805104F1500005F0F7FA236D1B681BB98D
:1020700000203070BDE8F08133780BB1FFF7C6FF68
:102080000324154F4FF00008114D13492846C7F897
:10209000048003F01FFD284603F058FB38B1013CD3
:1020A000284603F025FD14F0FF04E1D0EDE70B49CD
:1020B00001220B4801F072FE014618B1284603F0D8
:1020C000E1FCECE7074800F00FF80120D1E700BF82
:1020D000C8360020E83300203C2200200892000887
:1020E000EC3300200C9200080FB4002004B07047BD
:1020F0000068704703460068596870470B0A017012
:1021000043700B0C090E8370C1707047110A027086
:1021100003714170110C120E8170C2701A0A427163
:102120001A0C1B0E8271C37170470000C36A02391A
:10213000023B8B4283BF4389006C01FB03000020FC
:1021400070470000C2F307238A76CB760378032B0F
:1021500001BF120C0A75120A4A75704700F10B0193
:102160000022D30143EA520310F8012B52FA83F301
:102170008842DAB2F5D110467047000010B54178B8
:1021800004460020013102464901022A16BFA35C21
:10219000032203EBC03302F101021EBF9BB203EB2B
:1021A000500398B29142F0D810BD000002684AB1C5
:1021B000134613F8011B1F290DD93A29F9D1911C97
:1021C0008B4202D04FF0FF3070471278302AF9D19D
:1021D000036000207047014B1878704738360020A4
:1021E00038B50D46044618B9092000232B6038BDC8
:1021F0000368002BF8D01A78002AF5D08188DA8895
:102200009142F1D1587804F00BFC10F00100EBD1B1
:102210002368EBE738B50D4640F25231144602F020
:10222000B9F9FF2807D9012C0BD9030A02246870D9
:102230002B70204638BD30B1002CFAD00124287014
:10224000F7E70024F5E70446F3E700002DE9F8433B
:102250000026D0F8008005460C468E76836B002B56
:102260004AD098F80030042B4BD1334635464027EE
:1022700020E0B7F5187F80F0C480F90606F101066A
:1022800008BF0237D05B02372BB900F5205292B25B
:10229000B2F5006F0DD305F11A01C5F1FF0240EA56
:1022A00003402144FFF7B6FF002800F0AA80054450
:1022B00000200346D8F8102092F82310B142D8D855
:1022C000002B40F09E80002D00F09B8000232544D1
:1022D000AB766373D8F81020137903F03701DB066F
:1022E00021730BD402F13800FFF704FFC4E90001A9
:1022F00093896381D3892381BDE8F8830020014657
:10230000F4E7C36C01335ED1EA6B00232E26551E21
:10231000184615F8011F013020290CD0052908BFE7
:10232000E521092804D10B2B9EBFE71801337E73EA
:10233000E718013379730B28EBD1E11800204873BB
:10234000A17E00294BD1002B40D06FF00C0604F188
:102350000D000825361B331810F8011B002938D052
:102360002E298BB24AD0A3F14101192903D8117B40
:102370000D4200D020330373EDE7B9F1000F05D112
:1023800000F520539BB2B3F5006F0BD307F11A0190
:10239000C7F1FF0240EA09402144FFF73BFF48B183
:1023A0000744002002368146D8F80C30985B00289C
:1023B000E3D13846B9F1000F4FF0000218BF0020FA
:1023C00023189A76A0E7B1463746EDE73F23A37678
:1023D0000123234400219976137B03B96373D37AD5
:1023E00002F11C0003F03F0323730023FFF780FE7C
:1023F00020606360D38A6381138B7CE710250B46D2
:10240000B9E73F230125A37660E7000038B505460C
:10241000002435F8020B08B9204638BD02F0EEF86A
:102420006308C2B203EBC43312FA83F39AB2C0F367
:10243000072303EB520303EBC2339CB2E9E700002E
:1024400037B5C37804461BB90025284603B030BD14
:1024500000F14C01826C01234078019104F006FBED
:10246000054680B9A36BE070A06C226BC31A93423F
:10247000EAD2A3780199022BE6D1024401236078C5
:1024800004F0F4FAE1E70125DFE7000038B5836CDA
:1024900005460C468B4210D0FFF7D2FF60B92246AA
:1024A000012305F14C01687804F0BCFA00281CBF38
:1024B0004FF0FF340120AC6438BD0020FCE7000081
:1024C00038B500230446C3704FF0FF338364FFF731
:1024D000DDFF00284BD1B4F84A524AF655239D42FD
:1024E00007D10B22254904F14C0006F0BFFD00285E
:1024F0003FD094F84C30EB2B03D01833DBB2012BD8
:102500002ED84AF655239D4206D108221C4904F1D3
:102510009E0006F0ABFD48B3B4F85730B3F5007F2A
:102520001ED194F85930DBB15A1E1A4218D1B4F8B2
:102530005A30ABB194F85C30013B012B10D8B4F8A1
:102540005D306BB1B4F85F307F2B06D804F16C00BE
:10255000FFF7CEFDB0F5803F02D3B4F8623053B937
:102560004AF6552085420CBF0220032038BD0420C6
:10257000FCE70120FAE70020F8E700BF38920008E6
:102580004492000802392DE9F04701F007044FF0AA
:10259000010A466C05460AFA04F41746984606EB0B
:1025A0001136C1F3C809E4B2314628460136FFF7B7
:1025B0006DFF18B10120BDE8F087994605EB0902CF
:1025C00092F84C30234214BF01210021414513D021
:1025D0006340013F82F84C3085F803A0EBD06400E3
:1025E00014F0FF04EAD109F1010301244FF00009BE
:1025F000B3F5007FE1D1D7E70220DCE701290246ED
:10260000F8B50C4640F28C800668F36A8B4240F2C3
:1026100087803378013B032B00F28280DFE803F0F0
:102620000229384B04EB5405B16B304601EB5521C0
:10263000FFF72CFF10B14FF0FF30F8BD6F1CC5F352
:102640000805B16B3046354401EB572195F84C50E5
:10265000FFF71CFF0028EED1C7F30807E3073E444D
:1026600096F84C0045EA00204CBF0009C0F30B006F
:10267000E3E7B16B304601EB1421FFF707FF0028B9
:10268000D9D1640004F4FF742644B6F84C00D4E7B2
:10269000B16B304601EBD411FFF7F8FE0028CAD128
:1026A000A40006F14C0004F4FE742044FFF720FD62
:1026B00020F07040C1E7D0E90430D57953EA000139
:1026C00001D0916801B95DBB9168022DA4EB0101B5
:1026D0000DD1013B728940F1FF305B0A43EAC053E0
:1026E000B3FBF2F399421BD81CD0601CA5E7032D65
:1026F00002D193698B42F8D8D3699BB9B16B30464C
:1027000001EBD411FFF7C2FE002894D1A0004C3693
:1027100000F4FE703044FFF7EBFC20F000408CE743
:1027200001208AE76FF0004087E70000F8B50668EF
:1027300004460D463378042B0CBF4FF080524FF403
:1027400000128A4201D80220F8BDCA06FBD1826875
:102750000163D2B9022B13D83389B3EB551FF2D9D9
:10276000F36BA363A36B6263002BECD003EB5523E5
:102770004C36C5F308050020A3633544E563E3E761
:10278000F36BC271002BE7D01A4677897F02BD42F6
:10279000114604D23046FFF7C9FCA063E2E72046A9
:1027A000FFF72CFF431C024606D00128CBD9F36A61
:1027B0008342C8D9ED1BEAE70120C5E701292DE9CD
:1027C000F04706460C46174608D9C36A8B4205D91E
:1027D0000378022B62D003D8012B22D0022552E0CD
:1027E000033B012BFAD8816B01EBD411FFF74EFEAE
:1027F0000546002847D1A40006F14C0304F4FE74FA
:102800001C443378042B07D0204627F07047FFF78D
:102810006FFC00F07040074339462046FFF76EFC1E
:102820002FE001EB5108816B01EB5821FFF72EFEE1
:10283000054640BB14F0010406F14C0908F1010AF9
:10284000C8F3080808BFFBB230461FBF19F80830AC
:1028500003F00F023B0103F0F00318BF134309F824
:1028600008300123B16BF37001EB5A21FFF70EFE24
:10287000054640B9CAF3080A44B1C7F3071709F877
:102880000A700123F3702846BDE8F08719F80A3072
:10289000C7F3032723F00F031F43F0E7816B01EB1E
:1028A0001421FFF7F3FD05460028ECD1640006F182
:1028B0004C0304F4FF741F551919C7F307274F7011
:1028C000DFE70000F8B504460E461746E3690BB98A
:1028D0001846F8BD012BA6EB0305206814BFAA1CFF
:1028E0003A46691CFFF76AFF0028F2D1E369013B11
:1028F000E361EBE701292DE9F84306460C4617464C
:10290000056802D80220BDE8F883EB6A8B42F9D94A
:102910007AB9A14621463046A046FFF76FFE04462D
:10292000B0B92B78042B02D1002F43D1F7710020CE
:10293000E9E72B78042B02D1C379022BE9D04FF0C1
:10294000FF3239462846FFF739FF0028E1D0DAE7A1
:102950000128D7D0421C01D10120D4E72B78042BC9
:1029600019D1EA6AAB69023A93421CD308F1010219
:10297000A2420CD02B78042B08D10023A2EB090231
:1029800049462846FFF7FEFD0028BCD1A146EB6A68
:10299000A342BFD8C5E7002241462846FFF70EFFF5
:1029A0000028DED0AFE70133AB612B7943F00103A0
:1029B0002B71DBE7F3798BB9B468BC4202D10223F7
:1029C000F371B4E721463046FFF718FE012899D984
:1029D000431CC1D001348442EFD0A8E7032BA6D119
:1029E000B368BB42A3D8B2691344BB429FD3E6E7A6
:1029F00070B5C3790446032B06D181688369CD186D
:102A0000A94203D10023E371002070BD4E1C206851
:102A10003246FFF7D3FE0028F7D13146F0E7000039
:102A20002DE9F74305460191FFF70AFD044600280A
:102A300049D105F14C09019928464FF40072FFF77E
:102A400075FB2146A86407464846FFF771F96C8973
:102A50006402B4F5004F28BF4FF40044B4F5007F82
:102A60002FD9204604F074FC804630B12246002164
:102A7000640A0026FFF75CF909E06408EEE72346E4
:102A8000BA194146687803F0F1FF18B926446B89FA
:102A90009E42F4D3404604F06BFC6889801B18BF4B
:102AA000012003B0BDE8F08301366B899E42F4D269
:102AB0000123BA194946687803F0D8FF0028F3D0FB
:102AC000EBE70026F1E70120EBE70000F8B504464C
:102AD000FFF7B6FC0546002842D12378032B37D1F7
:102AE0002779012F34D104F14C0601464FF40072CE
:102AF0003046FFF71DF955234122722184F84A32EE
:102B0000AA2304F50D7084F84F2084F84B32522329
:102B100084F8301284F84C3084F84D30612384F806
:102B2000311284F84E3084F83332A16984F83222AD
:102B3000FFF7E4FA616904F50E70FFF7DFFA626BE4
:102B40003B46314601326078A26403F08FFF257165
:102B500000226078114603F0ADFF003818BF012055
:102B6000F8BD000000232DE9F0430B6085B00F464F
:102B70001546FFF71BFB061EC0F2B281804B53F8CF
:102B80002640002C00F0AE813C6005F0FE05237865
:102B90006BB1607803F044FFC70708D41DB110F093
:102BA000040500D00A25284605B0BDE8F0830023BF
:102BB000F0B22370607003F01FFFC10700F1948131
:102BC0000DB14207EED400212046FFF779FC022820
:102BD00040F099806E4604F2122304F252213246EC
:102BE00018461033FFF784FA42F8040B8B42F7D1F2
:102BF000002556F8041B00297DD02046FFF760FC15
:102C0000012879D80128A26C40F0C08004F1570354
:102C100004F18C0113F8015B002D7BD18B42F9D1BB
:102C2000B4F8B430B3F5807F74D194F8B830092B80
:102C300070D104F19400FFF75DFA4FF0FF331718DD
:102C400041F10001BB4275EB010363D304F1A00025
:102C5000FFF74EFA94F8BA302063012BA37059D1D4
:102C600094F8B99003FA09F91FFA89F36381002BEC
:102C700050D0444B04F1A800FFF73AFA06469842B8
:102C800048D8831C626304F1A400E362FFF730FAC2
:102C900000EB020804F19C00C4F84080FFF728FA1A
:102CA00010441FFA89F2A06306FB02F313EB08033A
:102CB00045EB05029F4271EB02032BD32E4604F134
:102CC000AC00FFF715FAE06365B96389B34221D917
:102CD000E16B2046FFF72AFA81192046FFF7D6FB61
:102CE00098B90136631993F84C30812B14D02035F4
:102CF000C5F30805E8E703200135042D7FF479AF1B
:102D0000042807D101E0042801D101254BE701285F
:102D10007FF678AF0D2546E705F1140004F14C0667
:102D20003044FFF7E5F901280546F3D9E36A834209
:102D3000F0D96189821E236C02FB01336364A16BAD
:102D4000204601EBD511FFF7A1FB0028DDD105F0EE
:102D50007F0006EB8000FFF7CBF9431C03D0013561
:102D6000A842ECD0D6E70425C4E90500064A257040
:102D700000251388E56101339BB21380E38012E7DD
:102D80003C360020FDFFFF7F40360020B4F857306E
:102D9000B3F5007FBED1B4F8626026B904F17000CB
:102DA000FFF7A6F9064694F85C302663591EA37017
:102DB0000129AFD894F859506581002DAAD0691E19
:102DC0002942A7D1B4F85D8018F00F0FA4F808804D
:102DD000A0D1B4F85F0018B904F16C00FFF788F9CE
:102DE000B4F85A10002995D006FB03FE01EB181C1D
:102DF000F44460458ED3A0EB0C00A842B0FBF5F381
:102E000088D33E48834285D84FF6F57083426DD90A
:102E100003259F1C114402EB0C03032DE762626340
:102E2000A16323644CD1B4F8763053EA08037FF4ED
:102E300071AFBB0004F17800FFF75AF9E06303F2C9
:102E4000FF13B6EB532FFFF465AF4FF0FF33032DA5
:102E5000C4E905334FF08003237187D1B4F87C3087
:102E6000012B83D1511C2046FFF710FB00287FF473
:102E70007DAFB4F84A224AF6552320719A427FF476
:102E800075AF1F4B04F14C00FFF732F998427FF405
:102E90006DAF03F1FF5304F50C70FFF729F903F54B
:102EA0000053203398427FF461AF04F50D70FFF7B3
:102EB0001FF9A06104F50E70FFF71AF9606155E77C
:102EC000B8F1000F3FF426AF7144022D4FEA4703DB
:102ED000E1631EBFD91907F0010303EB5103AEE70D
:102EE0000B2560E60C255EE603255CE640F6F575ED
:102EF000AB428CBF022501258BE700BFF5FFFF0F1A
:102F0000525261412DE9F84F07460568884649B994
:102F10006E69C6B1EB6AB34298BF0126AB69A3B92B
:102F2000002405E0FFF76AFB0128044603D80124CA
:102F30002046BDE8F88F421C00F0D280EB6A834245
:102F4000F6D84646EAE70126E8E72A78EB6A042A3B
:102F500040F08380A6F1020A023B4FF0010B9A4534
:102F600028BF4FF0000AD146696C284601EB1931A1
:102F7000FFF78CFA00283BD109F00703EA6AC9F38E
:102F8000C8010BFA03F3901EDBB26A184C4609F134
:102F9000010992F84C20814502EA030233BF5B002D
:102FA00000234FF40071DBB228BF9946B2B9023456
:102FB000631E0333BCD80123214628461A46FFF777
:102FC000E1FA0228B3D0012800F08A80B8F1000F9E
:102FD00013D10223FB710028A9D130E0CA450AD0E1
:102FE000002BD2D10131B1F5007FBDD20123CCE756
:102FF0004FF0FF34DCE70024DAE7FB79022B07D13E
:10300000731CA342E7D0BB68F31ABB610323FB71B7
:1030100008F10102FB69A24205D113B10133FB6142
:10302000D9E70223FBE70BB90123FB6122464146A6
:103030003846FFF747FC00284FD10123FB61EA6ABD
:10304000AB69023A6C6193429CBF03F1FF33AB6101
:103050002B7943F001032B716AE7464514D1741CA8
:103060003846A34298BF02242146FFF7C7FA012839
:103070003FF45DAF431C33D0E0B16B69012B03D942
:10308000EA6A934238BF1E4634460134EB6AA342D3
:1030900003D8012E7FF644AF022421463846FFF7BD
:1030A000ADFA48B101283FF442AF013018D0B44224
:1030B000EBD135E7002CE7D04FF0FF322146284610
:1030C000FFF77CFB48B9B8F1000FB8D02246414663
:1030D0002846FFF773FB0028B1D001287FF427AF03
:1030E0004FF0FF3424E700002DE9F843066804465A
:1030F000076B894633782037042B0CBF4FF0805381
:103100004FF40013BB429CBF00238363836B73B1F6
:10311000C7F30808B8F1000F3CD10133416B83635A
:1031200039B93389B3EB571F34D80023A363042084
:103130000AE07389013B13EA57232BD1FFF75EFAAC
:103140000128054602D80220BDE8F883421C01D1BF
:103150000120F9E7F36A834216D8B9F1000FE4D0F1
:10316000616B2046FFF7CEFE0546C8B10128EAD0C4
:10317000431CEDD001463046FFF752FC0028E7D152
:10318000E37943F00403E371294630466563FEF7B3
:10319000CDFFA0634C36002027634644E663D3E7A7
:1031A0000720D1E7F8B50E46002104460768FFF76F
:1031B000BDFA98B90546A16B3846FFF767F968B9BB
:1031C0003A78E36B042A1B780CD11B060ED5054612
:1031D00001212046FFF788FF0028ECD0042808BF13
:1031E000072006E0E52B01D0002BF0D10135B542D8
:1031F000EED1F8BDC16C4B1C2DE9F04104460568C9
:10320000066B1FD1E5274FF00108A16B2846FFF799
:103210003DF998B92A78E36B042A09BF1A781F7020
:1032200002F07F021A7085F80380236BB3420DD23F
:1032300000212046FFF758FF0028E6D0042808BFE9
:10324000022003E0FFF772FA0028DBD0BDE8F0812E
:103250002DE9F04105460068A96B0669FFF716F9EC
:10326000044620B9EB6B1A78852A03D00224204645
:10327000BDE8F081324603F1200153F8040B8B4284
:1032800042F8040BF9D1777801377F01A7F1600389
:10329000B3F5007FEAD800212846FFF725FF042870
:1032A0000446E3D00028E2D1A96B2868FFF7EEF8C6
:1032B00004460028DBD1EB6B1A78C02AD6D106F180
:1032C000200203F1200153F8040B8B4242F8040B57
:1032D000F9D196F823300F222C33B3FBF2F3B7EB7E
:1032E000431FC3D34FF0400800212846FFF7FCFEE0
:1032F00004280446BAD00028B9D1A96B2868FFF782
:10330000C5F804460028B2D1EB6B1A78C12AADD1BA
:10331000B8F5187F09D206EB080203F1200153F833
:10332000040B8B4242F8040BF9D108F12008474501
:10333000DAD8B8F5187F9AD83046FEF71FFF7388A1
:10334000834294D092E700000B68002210B503601E
:1033500004460B6A83604B6AC261C37123F0FF03AA
:10336000896AC0E90432C164FFF7E0F920B9204658
:10337000BDE81040FFF76CBF10BD0000F8B5036852
:10338000054601271C692046FEF7F8FEA070000ADA
:103390006678E0702846E96CFFF7C8F920B102288A
:1033A00028BF0220C0B2F8BDA96B2868FFF76EF8ED
:1033B0000028F4D1EB6B04F1200254F8041B944272
:1033C00043F8041BF9D12B68DF70002EE7D00021F1
:1033D0002846013EFFF788FEE0E700002DE9F843AC
:1033E0004FF0FF0806460768042445464FF6FF796C
:1033F000B16B11B9002C73D063E03846FFF746F883
:10340000044600285DD1F06B0378002B6ED03A782B
:10341000042A11D1852B4DD1336B3046F364FFF76D
:1034200017FF044600284CD13B691B7903F03F038A
:10343000B3712046BDE8F883C27AE52B02F03F0263
:10344000B27143D02E2B41D022F0200108293DD06B
:103450000F2A40D1590637D503F0BF05336B90F8DA
:103460000D80F364437B434530D1428B72BB0378BC
:103470000D21FC6823F04003DFF874E0013B4B436F
:1034800001211EF801CB30F80CC009B3FF2B1DD869
:1034900024F813C06146013301320D2AF1D10278BC
:1034A000520605D521B1FF2B10D8002224F8132095
:1034B000013DEDB200213046FFF716FE044600281C
:1034C00096D00023B363B4E7AB42CBD0FF25F1E73E
:1034D000CC45E1D0FAE72DB9FEF740FE404501D1D9
:1034E0000024A6E74FF0FF33F364A2E70424E8E7E3
:1034F000E09200082DE9F04F002187B00446D0F893
:103500000090FFF713F9804670B999F80030042B4A
:1035100033D1D9F80C00FEF779FF07462046FFF7B4
:103520005DFF054620B18046404607B0BDE8F08FFC
:10353000D9F810309A8CBA42F0D193F823B04026D3
:103540005D4506D1D9F80C3033F81530002BE5D1A4
:10355000EAE7F106D9F8103008BF0236985B01F0AF
:103560004DF8D9F80C30824633F8150001F046F8D2
:103570008245D3D102360135E2E74FF0FF0A4FF022
:10358000FF3B5546C4F84CB0A16B4846FEF77EFFA2
:1035900000285CD1E66B3778002F77D0F27AE52FE0
:1035A00002F03F03A37103D0120704D50F2B04D000
:1035B000C4F84CB04FE00F2B54D194F84B30580660
:1035C0003FD4790645D5236B07F0BF0796F80DA0C9
:1035D000E364737B53453ED1738B002B3BD135782D
:1035E0000121D9F80C3005F03F0501930D23013D71
:1035F0005D43284B13F8012BB25A71B3FF2D05938D
:1036000029D81046049200F0F9FF6B1C0390029336
:10361000019B33F8150000F0F1FF039981421AD1A4
:10362000049A029D1146059B1B4A9342E2D13378CE
:103630005A0604D519B1019B33F815305BB97D1ECC
:10364000EDB200212046FFF74FFD00289CD08046B8
:103650006AE7BD42BDD0FF25F3E74FF6FF70824217
:10366000E2D0F8E72DB93046FEF778FD50453FF43B
:103670005BAF94F84B30DB079AD40B2204F1400186
:10368000304605F0F3FC002892D14DE74FF00408D6
:103690004AE700BFE0920008ED9200082DE9F04FE4
:1036A00090F84BB099B004461BF0A00540F068813B
:1036B0000668F26832F81530002B4AD13378042BB3
:1036C00040F087800F230E352046B5FBF3F5A91C8B
:1036D000FFF768FD8146002877D1236B0135A3EB06
:1036E0004515E3795A07E56435D523F004032046F0
:1036F000E371FFF77DF950BB4FF0FF32616B20465D
:10370000FFF7E0F818BBA3682BB3214604A8FFF726
:103710001BFEE0B970894FF40071D4E90423E0FB8B
:1037200001233069C4E904233830FEF7EFFC306927
:10373000D4E904232830FEF7E9FCE379326904A8D0
:1037400043F0010382F82130FFF718FE18B18146DB
:103750003BE00135AEE7D6E9035440220021204684
:10376000FEF7E6FA8523012140222370C0234FF0A3
:10377000C10C04EB010884F8203000231E469E464D
:10378000571C04F802C0F0B2023204F807E021B17D
:1037900035F8131009B10133DBB20F0AA15408F850
:1037A00002700232D706F2D135F813700136002FBD
:1037B000E6D184F82330831C28466370FEF726FE8A
:1037C00084F82400000A84F82500484619B0BDE8B2
:1037D000F08F04F140070DF1100A1BF0010F97E87C
:1037E00007008AE8070000F0D38040234FF001086B
:1037F00084F84B30BC46F368B8F1050F9AE807002F
:10380000ACE803002CF8022B4FEA12428CF800209F
:1038100059D9981E424630F8021F002942D10DF1B5
:103820000F0C072102F00F0E914612090EF1300025
:10383000392888BF0EF1370001390CF8010902D090
:10384000B9F10F0FEED818AB7E205A1802F8580CB9
:1038500038460022914206D010F801CB02F1010E49
:10386000BCF1200F31D104F13F0C072902F1010214
:1038700097BF18AB20205818013198BF10F8580C8A
:10388000072A0CF80200F0D92046FFF733FE8146E4
:10389000002878D108F10108B8F1640FAAD14FF0DF
:1038A000070992E74FF0100C01F0010E49080EEBEA
:1038B0004202D30344BF82F4883282F02102BCF179
:1038C000010CF1D1A7E74246A9E77246C2E7216B96
:1038D0002046A1EB4511FEF729FF814600287FF421
:1038E00074AF4FF6FF783846FEF738FC0190A16BB5
:1038F0003046FEF7CBFD814600287FF466AFE36BD0
:10390000E9B2019A4FF00D0CD6F80CE05A734FF063
:103910000F02DFF8E0A0DA724A1E18730CFB02F205
:1039200084469876D87640451AF8019B0CF1010C34
:1039300018BF3EF8120003EB090B18BF013203F861
:1039400009004FEA1029002808BF4046BCF10D0FBE
:103950008BF80190E7D1404502D03EF812200AB919
:1039600041F040011970012300212046F370FFF758
:10397000BBFB814600287FF428AF013DB7D11BE097
:103980004FF0060921E704287FF41FAF84F84BB0FD
:103990001BF0020F20461BBF0C350D210125B5FB86
:1039A000F1F518BF01352946FFF7FCFB81460028D9
:1039B0007FF40BAF013D8AD1A16B3046FEF766FD67
:1039C000814600287FF401AF01462022E06BFEF71C
:1039D000AFF9E36B03CF18605960BA7839889A72EF
:1039E000198194F84B30E26B03F018031373012331
:1039F000F370EAE6E092000810B504460A46343057
:103A0000FEF776FB886004F13800FEF773FBC2E92D
:103A1000040194F8213003F00203D3710023D36131
:103A200010BD000003284B8B04BF8A8A43EA02437F
:103A3000184670472DE9F04F0B7899B00446894637
:103A40002F2BD0F800B001D05C2B09D14A46137857
:103A5000914601322F2BFAD05C2BF8D0002301E0E5
:103A6000DBF81C30A3600023E3619BF80030042BDB
:103A70001ED1A368E3B1DBF82030214604A82362FD
:103A8000DBF824306362DBF82830A362FFF75CFCCC
:103A90000346002854D1DBF8102002F13800FEF76D
:103AA00027FBC4E9040392F8213003F00203E37119
:103AB00099F800301F2B00F2358180230021204629
:103AC00084F84B3019B0BDE8F04FFEF72FBE4946E1
:103AD0000B78894601312F2BFAD05C2BF8D01F2BA5
:103AE0008CBF00250425012F2FD113882E2B31D117
:103AF000002322F8173004F140029F428CBF2E2190
:103B0000202101330B2B02F8011BF6D145F02005D3
:103B1000204684F84B50FFF7EDFC94F84B3000281A
:103B200000F0E78004280BD1990603F0040240F16D
:103B3000DC80002A00F0F6808023002084F84B30DF
:103B400019B0BDE8F08F0425CDE7022F02D15388CC
:103B50002E2BCAD0911E87BB002322F81730002FCE
:103B600000F0118132F81300194601332028F9D0F2
:103B700009B92E2801D145F00305901E30F8173001
:103B80002E2B01D0013FF9D14FF020334FF0000A26
:103B90006364D0462364C4F847300823481C32F8D5
:103BA00011600090F6B1202E03D02E2E0DD1B84218
:103BB00010D045F003050099F0E731F81730202BBD
:103BC00001D02E2BC8D1013FC5E79A4505D20099F7
:103BD000B9423BD10B2B30D101E00B2B27D145F063
:103BE00003050B2394F84020E52A04BF052284F83E
:103BF0004020082B04BF4FEA88085FFA88F808F0D5
:103C00000C030C2B03D008F00303032B01D145F068
:103C10000205A8073FF57CAF18F0010F18BF45F06B
:103C2000100518F0040F18BF45F0080570E700995B
:103C3000B94202D045F00305D4D84FEA88080B23D7
:103C40004FF0080A00975FFA88F8B4E77F2E15D97D
:103C5000304640F25231CDE9022345F00203019390
:103C600000F098FC10F0800F0646DDE9022316D024
:103C700000F07F0646498E5D019D46B331464548BA
:103C8000CDE9012305F01CFADDE90123F8B9A6F11D
:103C9000410189B219291ED848F0020810E0FF2816
:103CA000EAD9591E8A4503D345F003059A4682E7AF
:103CB00004EB0A01000A0AF1010A019D81F84000A3
:103CC00004EB0A010AF1010A81F8406073E745F04C
:103CD00003055F26F4E7A6F1610189B219299EBFA9
:103CE000203E48F00108B6B2EAE7002A08BF0520E6
:103CF00026E75A073FF524AFA379DB0645D59BF8A5
:103D00000000042835D1A3682146E27923622369A3
:103D1000DBF8100023F0FF0313436362E36CA3623C
:103D2000FFF76AFE23680027DA6819F8010B0028FC
:103D30003FF409AF40F25231009200F04BFC0546CF
:103D400008B31F28009A7FF6FEAE2F283FF4BFAEBF
:103D50005C283FF4BCAE7F2805D801460E4805F02C
:103D6000AFF9009A78B9FF2F0DD022F8175001371C
:103D7000DBE7216B0BF14C03C1F308011944FFF79A
:103D800051FEA060CEE70620DAE60520D8E600BFA7
:103D90006092000859920008509200081FB5CDE9C2
:103DA000001003A814460391FEF700FA002815DB63
:103DB0000B4A52F820300BB100211970019B0BB156
:103DC0000021197042F820302CB1002201A9684668
:103DD000FEF7C8FE0446204604B010BD0B24FAE7E7
:103DE0003C3600202DE9F04798B0904605460191F9
:103DF000002800F0528102F03F0603A901A83246D4
:103E0000FEF7B0FE002840F04681039B4FF48C6023
:103E1000049303F09DFA0746002800F04081039BBD
:103E200000F500720199D86004A81A61FFF702FE3C
:103E3000044620B99DF95B30002BB8BF062418F06A
:103E40001C0F00F0CD80002C4CD0042C40D104A8D5
:103E5000FFF724FC044600283AD146F00806039BED
:103E60001A78042A40F08380186929462B60FFF7EE
:103E7000C3FD039B1E22002118690230FDF758FF85
:103E8000039C00211A2220692630FDF751FF236987
:103E900020221A71246903F095FA014601220834A0
:103EA0002046FEF72BF9039B04A81B6983F8212009
:103EB000FFF764FA044658B9A96801B302462846D8
:103EC000FEF718FDAB68039A0446013B5361B4B199
:103ED000384603F04DFA0CB100232B60204618B091
:103EE000BDE8F0879DF8163013F0110F40F0848084
:103EF00018F0040F40F0C98018F0080FAFD1039AF2
:103F000031071399936C48BF46F04006E964AB64EF
:103F10001078042872D1069B9DF817102B62089B1D
:103F2000106923F0FF030B4329466B62179BAB62BA
:103F3000FFF762FDDDF80CA00024002205F1500817
:103F4000BAF8063021464046C5F800A0AB800023F1
:103F500085F8306085F831406C64C5E90E234FF474
:103F60000072FDF7E5FEB20653D40024B0E703F07B
:103F700029FA0146009013980E30FEF7BFF8139807
:103F800000991630FEF7BAF8039C13992078FFF7D2
:103F900049FD202300228046CB7220461399FEF76C
:103FA000D1F8139B002201211A775A779A77DA7792
:103FB000039BD970B8F1000FA1D0414604A8D3F8F3
:103FC0004890FEF797FC0446002881D149460398A3
:103FD000FEF75CFA039B044608F1FF30586176E770
:103FE000002C7FF475AF9DF81630DC064FD418F026
:103FF000020F84D0D80782D5072469E7FFF712FDA6
:104000000023A86001F11C00FEF772F86B612861C3
:1040100090E7D5E9046956EA0903A6D0BAF80AA0E0
:10402000A9684FEA4A2AC5E90E69B24574EB09034B
:104030001BD300242964002C7FF44AAFC6F3080385
:10404000002B92D0039C2046FEF770F808B3760A46
:104050000123414646EAC95682196A64607802F033
:10406000E1FC041E18BF012432E72846FEF7C6FA19
:10407000B6EB0A06014669F10009012803D9431C81
:10408000D3D10124D6E70224D4E7082420E704246E
:104090001EE702241CE704461EE709241EE711243C
:1040A0001CE700002DE9F04F994685B000238846B3
:1040B00003A90446C9F800301646FEF791F80546F4
:1040C00080BB94F831506DBB94F8303013F001038D
:1040D000009300F0A68004F1500AD4E90432D4E938
:1040E0000E011B1A62EB0102B34272F1000238BFEB
:1040F0001E46BEB1D4E90E10C1F30803002B40F0F8
:104100008280039B5A894B0A013A43EAC0531A4002
:104110001BD151EA000309D1A06801280DD802255E
:1041200084F83150284605B0BDE8F08F216C204658
:104130000192FEF763FA019AEFE7431C04D10123D1
:10414000009D84F83130EDE72064DDF80CB0216C7F
:104150005846FDF7EBFF0028E1D0B6F5007F02EBF3
:10416000000731D3BBF80A1002EB5620730A8842CD
:104170009BF8010088BF8B1A3A464146019302F032
:1041800051FC0028DBD194F93020019B002A0BDA86
:10419000606CC01B984207D24FF40072514608EB86
:1041A0004020FDF79FFD019B5F02D9F80030F61B10
:1041B000B8443B44C9F80030D4E90E32DB1942F16F
:1041C0000002C4E90E3294E7626CBA421AD094F944
:1041D0003030002B0DDA012351469BF8010002F02C
:1041E00045FC0028ABD194F8303003F07F0384F80D
:1041F0003030039801233A465146407802F012FCD1
:1042000000289CD16764A16B4046C1F30801C1F549
:1042100000775144B74228BF37463A46FDF762FD62
:10422000C3E707257EE7000070B596B00E46002272
:10423000019002A901A8FEF795FC0446E0B94FF4ED
:104240008C6003F085F80546D8B1029B00F500723A
:104250000199D86002A81A61FFF7ECFB044640B947
:104260009DF95330002B0ADB1EB1314602A8FDF741
:10427000EDFF284603F07CF8204616B070BD0624FA
:10428000F7E71124F8E7000070B5B8B002220190FA
:1042900003A901A8FEF766FC044608BB039B4FF484
:1042A0008C60109303F054F80546002866D0039BF9
:1042B00000F500720199D86010A81A61FFF7BAFBE7
:1042C000044650B99DF88B30980655D4190653D43E
:1042D0009DF84630DA0706D50724284603F048F84B
:1042E000204638B070BD039B04931878042814D17D
:1042F00004A91869FFF780FB069E9DF84630DB068F
:1043000010D410A8FEF776FF04460028E5D156BB6E
:104310000398FEF7DBFB0446DFE71F99FFF782FBFC
:104320000646EAE7039BDA69B242D5D0249300211E
:10433000269624A81B78042B01BFDDE90823CDE9CC
:1043400028239DF817308DF89730FEF7EFF90446D3
:104350000028C2D124A8FFF741F804460028BBD0AA
:104360000428BAD1CDE70246314604A8FEF7C2FAC6
:1043700004460028B1D1CBE70624AEE71124AFE70D
:10438000F0B5BDB0CDE900106846FDF70FFF022281
:1043900003A901A8FEF7E6FB0446002841D1039BD0
:1043A0004FF48C60149302F0D3FF0546002800F010
:1043B000EE80039B00F5007214AE0199D8601A617B
:1043C0003046FFF737FB044640BB9DF89B3013F0A7
:1043D000A00F40F0D880039B009F1A78042A68D170
:1043E0001B6904AC03F1400C1868083353F8041C33
:1043F0002246634503C21446F6D15022314628A80E
:10440000FDF770FC394628A8FFF714FB0446002886
:104410004CD12A9A169B9A4206D00824284602F0CC
:10442000A7FF20463DB0F0BD349A209B9A42F4D1BC
:1044300028A8FFF733F904460028EFD1039B04AF07
:104440001B6993F801E093F823C09C8C3A4608332B
:1044500003CAB24243F8080C43F8041C1746F5D1CE
:10446000039B28A81B6983F801E0039B1A6982F863
:1044700023C01A6982F82440240A82F825401A6968
:104480001379D9065CBF43F020031371FEF776FF62
:1044900004460028C2D13046FEF7ACFE0446002890
:1044A000BCD10398FEF712FB0446B7E70428B5D148
:1044B000BEE7239A04AB02F1200C1068083252F8D0
:1044C000041C1C46624503C42346F6D150223146E3
:1044D00028A8FDF707FC394628A8FFF7ABFA0446E1
:1044E00000284CD12A9A169B9A4296D1349A209B46
:1044F0009A4292D128A8FFF7D1F8044600288DD11E
:1045000037990DF11D030DF12D0001F10D0253F846
:10451000044B834242F8044BF9D1188801271080DC
:104520009B7893709DF81B30039CDA0658BF43F0CC
:104530002003CB72E770CB7ADB06ACD5169A2A9BA8
:104540009A42A8D02078FFF76DFA01462046FDF781
:10455000EDFD0146C8B12046FDF798FF044600284E
:104560007FF45CAF039890F86D302E2B93D12A9A8C
:1045700000F16C01FDF7E6FD039BDF708BE704287B
:104580007FF44CAFB6E7062448E7022446E711243F
:1045900047E700007F2810B501D880B210BDB0F504
:1045A000803F13D240F2523399420FD10849002282
:1045B00031F8024B93B2844203D103F18000C0B2C0
:1045C000ECE70132802AF3D11346F6E70020E5E755
:1045D000A09500087F280DD940F25233994208D1A6
:1045E000FF2806D800F10040034B803833F8100054
:1045F00070470020704700BFA0950008B0F5803FCD
:10460000F0B522D21F4A83B21F49B0F5805F28BFA0
:104610000A46141D34F8042C2146AAB1934213D340
:1046200034F8025C2E0AEFB252FA85F5A84222DA7B
:10463000082E09D8DFE806F0050A10121416181A19
:104640001C00801A34F810301846F0BD981A00F09B
:1046500001001B1A9BB2F7E7103BFBE7203BF9E791
:10466000303BF7E71A3BF5E70833F3E7503BF1E758
:10467000A3F5E353EEE70434002ECBD101EB470260
:10468000C7E700BFF0920008E494000808B5074BA4
:10469000074A196801F03D01996053680BB19068B1
:1046A0009847BDE8084003F0D5B800BF00000240BD
:1046B0004436002008B5084B1968890901F03D010E
:1046C0008A019A60054AD3680BB110699847BDE822
:1046D000084003F0BFB800BF00000240443600208D
:1046E00008B5084B1968090C01F03D010A049A60ED
:1046F000054A53690BB190699847BDE8084003F03B
:10470000A9B800BF000002404436002008B5084B9D
:104710001968890D01F03D018A059A60054AD3693F
:104720000BB1106A9847BDE8084003F093B800BF8A
:10473000000002404436002008B5074B074A59687C
:1047400001F03D01D960536A0BB1906A9847BDE80A
:10475000084003F07FB800BF00000240443600204C
:1047600008B5084B5968890901F03D018A01DA60F2
:10477000054AD36A0BB1106B9847BDE8084003F0B7
:1047800069B800BF000002404436002008B5084B5D
:104790005968090C01F03D010A04DA60054A536BBF
:1047A0000BB1906B9847BDE8084003F053B800BFC9
:1047B000000002404436002008B5084B5968890DB6
:1047C00001F03D018A05DA60054AD36B0BB1106C2C
:1047D0009847BDE8084003F03DB800BF0000024024
:1047E0004436002008B5074B074A196801F03D011F
:1047F0009960536C0BB1906C9847BDE8084003F08A
:1048000029B800BF000402404436002008B5084B18
:104810001968890901F03D018A019A60054AD36C43
:104820000BB1106D9847BDE8084003F013B800BF06
:10483000000402404436002008B5084B1968090CF2
:1048400001F03D010A049A60054A536D0BB1906D69
:104850009847BDE8084002F0FDBF00BF00040240D9
:104860004436002008B5084B1968890D01F03D0158
:104870008A059A60054AD36D0BB1106E9847BDE862
:10488000084002F0E7BF00BF0004024044360020A9
:1048900008B5074B074A596801F03D01D960536ECE
:1048A0000BB1906E9847BDE8084002F0D3BF00BF3F
:1048B000000402404436002008B5084B59688909B5
:1048C00001F03D018A01DA60054AD36E0BB1106F29
:1048D0009847BDE8084002F0BDBF00BF0004024099
:1048E0004436002008B5084B5968090C01F03D0119
:1048F0000A04DA60054A536F0BB1906F9847BDE820
:10490000084002F0A7BF00BF000402404436002068
:1049100008B5084B5968890D01F03D018A05DA6038
:10492000054AD36F13B1D2F880009847BDE808401C
:1049300002F090BF000402404436002000230C49DE
:1049400010B51A460B4C0B6054F82300026001EBC3
:10495000430004334260402BF6D1074A4FF0FF3347
:104960009360D360C2F80834C2F80C3410BD00BFA5
:1049700044360020A0960008000002400F28F8B539
:1049800010D9102810D0112811D0122808D10F24C6
:104990000720DFF8B4E00126DEF80050A04208D975
:1049A000002649E00446F4E70F240020F1E707243D
:1049B000FBE706FA00F73D4240D1214C4FEA001CCC
:1049C0003D4304EB00160EEBC000CEF80050C0E9EA
:1049D0000123FBB24BB11B48836B43F0010383639C
:1049E000036E43F001030366036E17F47F4F09D093
:1049F0001448836B43F002038363036E43F00203A6
:104A00000366036E54F80C00036823F01F03036071
:104A1000056815F00105FBD104EB0C033D2493F868
:104A20000CC05F6804FA0CF43C602124056044610A
:104A300012B1987B00F0C0FC3046F8BD0130ADE704
:104A4000A0960008004502584436002010B53024D6
:104A500084F31188FFF792FF002383F3118810BDC0
:104A600010B50446807B00F0BDFC01231049627B39
:104A700003FA02F20B6823EA0203DAB20B604AB9C6
:104A80000C4A916B21F001019163116E21F001013B
:104A90001166126E13F47F4F09D1064B9A6B22F008
:104AA00002029A631A6E22F002021A661B6E10BD91
:104AB000443600200045025808B5302383F311889E
:104AC000FFF7CEFF002383F3118808BD836CC26A11
:104AD0008B42506810B506D95A1E4C0002EB4103B8
:104AE000B3FBF4F3184410BD01F001038A0748BF7B
:104AF00043F002034A0748BF43F008030A0748BFD0
:104B000043F00403CA0648BF43F010038A06426B11
:104B100048BF43F0200313434363704710B5074C6D
:104B2000204600F0CBFF064B0022C4E91023054BC2
:104B3000A364054BE363054BE36410BDC836002056
:104B40000070005200B4C4041C3700201C3900203F
:104B5000C36A0BB90E4BC3620379012B0CD10D4B09
:104B6000984209D10C4B5A6B42F480325A63DA6D89
:104B700042F48032DA65DB6D436C00221A65DA623A
:104B80001A605A605A624FF0FF329A63704700BF52
:104B9000A0970008C8360020004502580379012B71
:104BA00020D0436C00221A65DA621A605A605A6299
:104BB0004FF0FF329A630C4B984213D10B4BDA6FD4
:104BC00042F48032DA67DA6F22F48032DA67DB6F20
:104BD000074B5A6B22F480325A63DA6D22F480322A
:104BE000DA65DB6D704700BFC8360020004402580C
:104BF0000045025810B5446C0649FFF767FF606036
:104C0000236842F2107043F003032360BDE81040B4
:104C100001F06ABD801A06000129F8B5466C0B4FF9
:104C200009D175680A493D40FFF750FF054345F437
:104C300080557560F8BD746806493C40FFF746FF33
:104C4000044344F480547460F4E700BF00ECFFFFB9
:104C500080F0FA0240787D01436C00225A601A60AD
:104C600070470000426C0129536823F4404304D08C
:104C7000022905D001B95360704743F48043FAE735
:104C800043F40043F7E70000436C41F480519A601D
:104C9000D9605A6B1206FCD580229A6370470000D7
:104CA00010B541F48851446CA260E160616B11F071
:104CB0004502FBD0A26311F0040203D0FFF714FFFA
:104CC000012010BD616910461960FAE710B541F482
:104CD0008851446CA260E160616B11F04502FBD029
:104CE000A26311F0050203D0FFF7FEFE012010BD04
:104CF000616910461960FAE773B5134604460E461B
:104D0000302282F31188426CD26B32B14FF0FF3106
:104D10004030019301F0F4FC019B606C00220265BD
:104D2000C263C262456B15F4807504D185F31188A6
:104D3000012002B070BD4FF0FF31816382F3118812
:104D4000012E06D90C21204602B0BDE87040FFF7C5
:104D5000BDBF1046EDE7000073B5446C0E4600255C
:104D60000192616BA1632565E562FFF7BDFE012E2F
:104D700007D9019B2A460C2102B0BDE87040FFF71D
:104D8000A5BF02B070BD000010B541F49851446C4D
:104D9000A260E160616B11F04502FBD0A26311F0EB
:104DA0003F0203D0FFF7A0FE012010BD216A10468C
:104DB0001960E1695960A16999606169D960F4E796
:104DC0002DE9F74304460191006D01A91746984665
:104DD00002F05AFC064600284AD0626C2046DDF8F4
:104DE00004905568C5F3090501356B00A56CB5FB4A
:104DF000F3F54FF47A73B5FBF3F55D43556200F0BC
:104E000023FE50BB636C4FF0FF3201254146C3F8CF
:104E1000589020461D659A634FF49572DA6342F20A
:104E200007029F62DA62E36C0A9AFFF74FFFA0B9AC
:104E3000E26C104B11680B407BB929462046FFF706
:104E40005BFF054648B92E463A460199206D02F0AF
:104E500053FC304603B0BDE8F083E26C20460121EC
:104E6000FFF77AFF3A460199206D02F045FCF0E722
:104E70000126EEE708E0FFFD2DE9F7431F46436CEE
:104E800001924FF47A725D6804468846C5F30905BD
:104E900001356E00856CB5FBF6F5B5FBF2F55543B3
:104EA0005D6200F0D1FD20B10125284603B0BDE8C8
:104EB000F0837E0201A9206D324602F0E5FB054633
:104EC0000028F1D0636C019AD4F84C909A650122C5
:104ED0001A654FF0FF329A634FF49572DA639E625F
:104EE000236BDB064B4658BF4FEA4828012F42464A
:104EF0001BD912212046FFF7E9FEC0B9D9F80020DE
:104F0000104B13409BB9636C42F293023946204622
:104F1000DA62E26CFFF7F0FE804640B93246019952
:104F2000206D454602F0E8FBBFE71121E2E7E26CA5
:104F300039462046FFF710FF32460199206D02F0F6
:104F4000DBFBB2E708E0FFFD2DE9F3411F46436CB0
:104F500001924FF47A725D6804468846C5F30905EC
:104F600001356E00856CB5FBF6F5B5FBF2F55543E2
:104F70005D6200F069FD20B10125284602B0BDE860
:104F8000F0817E0201A9206D324602F0CDFB05467C
:104F90000028F1D0636C019A9A6501221A654FF0DE
:104FA000FF329A634FF48D72DA639E62236BE66C74
:104FB000DB06334658BF4FEA4828012F424619D92D
:104FC00019212046FFF782FEB0B932680F4B13401B
:104FD00093B9636C42F2910239462046DA62E26C80
:104FE000FFF78AFE064638B901993546206D02F072
:104FF000D7FBC2E71821E4E739462046E26CFFF709
:10500000ABFE0199206D02F0CBFBB6E708E0FFFD97
:1050100012F0030F2DE9F04107460C4615461E46D7
:1050200017D00E44B44202D10020BDE8F081012324
:10503000FA6B21463846FFF71FFF0028F5D12846B6
:105040004FF40072F96B05F500750134FCF74AFE68
:10505000E8E7BDE8F041FFF70FBF000012F0030FD3
:105060002DE9F04107460C4615461E4617D00E4462
:10507000B44202D10020BDE8F08129464FF400720D
:10508000F86B05F50075FCF72DFE0123FA6B214640
:105090003846FFF759FF0028EDD10134E8E7BDE8B5
:1050A000F041FFF751BF000000207047302310B5DA
:1050B00083F311880024436C40302146DC6301F007
:1050C0002DFB84F3118810BD026843681143016011
:1050D00003B1184770470000024A136843F0C00349
:1050E0001360704700440040024A136843F0C00355
:1050F0001360704700480040024A136843F0C00341
:105100001360704700780040044B9A6C02439A6425
:105110001A6F104318671B6F704700BF0045025895
:1051200037B5274C274D204600F028FD04F1140028
:10513000009400234FF40072234900F0C3F94FF4A8
:105140000072224904F138000094214B00F03CFA2F
:10515000204BC4E91735204C204600F00FFD04F128
:105160001400009400234FF400721C4900F0AAF9C7
:105170004FF400721A4904F138000094194B00F002
:1051800023FA194BC4E91735184C204600F0F6FCF9
:1051900004F1140000234FF400721549009400F04C
:1051A00091F9144B4FF40072134904F13800009444
:1051B00000F00AFA114BC4E9173503B030BD00BF47
:1051C0002039002000E1F505643A00206440002009
:1051D000D9500008004400408C390020643C002075
:1051E00064420020E950000800480040F8390020DF
:1051F000643E0020F950000864440020007800401C
:1052000038B5264D0446037C002918BF0D46012BF6
:1052100006D1234B984230D14FF40030FFF774FF92
:105220002A68236EE16D03EB5203A566B3FBF2F32C
:105230006A68100442BF23F0070003F0070343EA43
:105240004003CB60AB6843F040034B60EB6843F036
:1052500001038B6042F4967343F001030B604FF03F
:10526000FF330B62510505D512F0102211D0B2F1B7
:10527000805F10D084F8643038BD0A4B984205D066
:10528000094B9842CCD14FF08040C7E74FF48020C3
:10529000C4E77F23EEE73F23ECE700BFA8970008B1
:1052A000203900208C390020F83900202DE9F04702
:1052B000C66D05463768F469210734621AD014F0C8
:1052C000080118BF4FF48071E20748BF41F0200188
:1052D000A3074FF0300348BF41F04001600748BFCB
:1052E00041F0800183F31188281DFFF7EDFE0023B4
:1052F00083F31188E2050AD5302383F311884FF434
:105300008061281DFFF7E0FE002383F311884FF032
:1053100030094FF0000A14F0200838D13B0616D5AA
:105320004FF0300905F1380A200610D589F31188AD
:10533000504600F07DF9002836DA0821281DFFF7D5
:10534000C3FE27F080033360002383F311887906BE
:1053500014D5620612D5302383F31188D5E91323BF
:105360009A4208D12B6C33B127F040071021281D39
:10537000FFF7AAFE3760002383F31188E30618D5F0
:10538000AA6E1369ABB15069BDE8F047184789F3BD
:105390001188736A284695F86410194000F008FCDB
:1053A0008AF31188F469B6E7B06288F31188F4696A
:1053B000BAE7BDE8F0870000090100F1604301226F
:1053C00003F56143C9B283F8001300F01F039A404C
:1053D00043099B0003F1604303F56143C3F8802157
:1053E0001A60704700F01F0301229A40430900F140
:1053F00060409B0000F5614003F1604303F56143A9
:10540000C3F88020C3F88021002380F80033704760
:10541000F8B51546826804460B46AA4200D2856854
:10542000A1692669761AB5420BD218462A46FCF7BE
:1054300059FCA3692B44A3612846A3685B1BA360A6
:10544000F8BD0CD9AF1B18463246FCF74BFC3A4668
:10545000E1683044FCF746FCE3683B44EBE7184660
:105460002A46FCF73FFCE368E5E7000083689342C7
:10547000F7B50446154600D28568D4E90460361AAB
:10548000B5420BD22A46FCF72DFC63692B446361BD
:105490002846A3685B1BA36003B0F0BD0DD932465C
:1054A000AF1B0191FCF71EFC01993A46E0683144BC
:1054B000FCF718FCE3683B44E9E72A46FCF712FCDA
:1054C000E368E4E710B50A440024C361029B8460EA
:1054D000C16002610362C0E90000C0E9051110BDAE
:1054E00008B5D0E90532934201D1826882B9826859
:1054F000013282605A1C426119700021D0E90432E5
:105500009A4224BFC368436101F022F9002008BD1C
:105510004FF0FF30FBE7000070B5302304460E4625
:1055200083F31188A568A5B1A368A269013BA360B4
:10553000531CA36115782269934224BFE368A361D9
:10554000E3690BB120469847002383F3118828466E
:1055500007E03146204601F0EBF80028E2DA85F357
:10556000118870BD2DE9F74F04460E461746984640
:10557000D0F81C904FF0300A8AF311884FF0000BDE
:10558000154665B12A4631462046FFF741FF0346DE
:1055900060B94146204601F0CBF80028F1D0002345
:1055A00083F31188781B03B0BDE8F08FB9F1000FC9
:1055B00003D001902046C847019B8BF31188ED1A58
:1055C0001E448AF31188DCE7C160C361009B8260DE
:1055D0000362C0E905111144C0E900000161704790
:1055E000F8B504460D461646302383F31188A768A4
:1055F000A7B1A368013BA36063695A1C62611D7077
:10560000D4E904329A4224BFE3686361E3690BB1D1
:1056100020469847002080F3118807E03146204655
:1056200001F086F80028E2DA87F31188F8BD00005F
:10563000D0E9052310B59A4201D182687AB982680F
:105640000021013282605A1C82611C7803699A42EF
:1056500024BFC368836101F07BF8204610BD4FF082
:10566000FF30FBE72DE9F74F04460E4617469846F4
:10567000D0F81C904FF0300A8AF311884FF0000BDD
:10568000154665B12A4631462046FFF7EFFE034630
:1056900060B94146204601F04BF80028F1D00023C4
:1056A00083F31188781B03B0BDE8F08FB9F1000FC8
:1056B00003D001902046C847019B8BF31188ED1A57
:1056C0001E448AF31188DCE70379052B05BF836A42
:1056D000002001204B6004BF4FF400730B60704743
:1056E00070B55D1E866A04460D44B54205D9436B0C
:1056F00043F080034363012070BD06250571FFF769
:1057000087FC05232371F7E770B55D1E866A0446A2
:105710000D44B54205D9436B43F080034363012038
:1057200070BD07250571FFF799FC05232371F7E785
:1057300038B505790446052D05D108230371FFF717
:10574000B3FC257138BD0120FCE700000323F0B550
:10575000037185B00446FFF74DFA0022204611463A
:10576000FFF792FA4FF4D57203AB08212046FFF7FA
:10577000ADFA0246B8B901232363039BC3F30323A5
:10578000012B09D103AB37212046FFF79FFA18B947
:10579000A44B039A1340ABB120460125FFF75CFAF6
:1057A0000223237137E103AB002237212046FFF7A4
:1057B0008DFA28B99B4A039B1A40002A00F0A78063
:1057C00002232363236B03F00F03022B40F0A98015
:1057D0006425954E42F2107000F086FF03AB32460E
:1057E00001212046FFF75CFA0028D5D1039B002B4E
:1057F00080F293805A0003D5236B43F01003236398
:10580000002204F1080302212046FFF7BDFA0246F8
:105810000028C1D104F1380303212046FFF756FACE
:105820000028B9D104F11805A26B092120462B46A6
:10583000FFF7AAFA0028AFD102ABA26B07212046DE
:10584000FFF744FA06460028A6D1236B03F00F03A6
:10585000022B40F08F807E227F21284603F060F9E2
:10586000012840F28780E76B42F2107000F03CFFA5
:1058700008234FF40072394620460096FFF7A0FA3D
:10588000002889D1384603F099F9236BA06203F010
:105890000F03022B72D103AB644A06212046FFF7A7
:1058A00015FA002871D15F49039B1940B1FA81F1C3
:1058B00049092046FFF7B0F902AB4FF400721021FE
:1058C0002046FFF703FA054600287FF465AF554EE2
:1058D000029B33427FF460AF236B13F00E0F03F093
:1058E0000F0273D0022A7FF457AFE36A19780129B7
:1058F00000F09480022900F09380002900F0898054
:105900004B4F2046FFF7AEF903AB3A4676E011461F
:1059100020462263FFF7B8F954E7013D7FF45AAF00
:105920003AE7444D6426444A3E4F012B18BF1546C2
:1059300003AB002237212046FFF7C8F900287FF487
:105940002BAF039B3B427FF427AF03AB2A462921B1
:105950002046FFF7A5F900287FF41EAF039B002B1C
:10596000FFF648AF013E3FF417AF42F2107000F06F
:10597000BBFEDDE7284603F0F5F886E77E227F21AF
:105980002846E66B03F0CCF808B9002191E7002324
:1059900040223146204600930623FFF711FA0028E3
:1059A000F3D1B3895BBA9B07EFD5244B4022314634
:1059B000204600930623FFF703FA0028E5D1317C47
:1059C00001F00F010F3918BF012172E7E36A19785E
:1059D000F9B101297FF4E0AE2046FFF743F903ABAC
:1059E000A26B37212046FFF771F900287FF4D4AE6F
:1059F000039B33427FF4D0AE03AB02220621204644
:105A0000FFF764F900287FF4C7AE039B33427FF4AD
:105A1000C3AE05232371284605B0F0BD084F70E7DB
:105A2000084F6EE708E0FFFD0080FFC00001B903EA
:105A30000000B7030080FF5000001080F1FFFF80DE
:105A40000001B7030002B70337B504460C4D01ABA4
:105A5000A26B0D212046FFF739F978B9019B2B4243
:105A60000BD1C3F34323042B08D0053B022B04D8EE
:105A70004FF47A7000F038FEE9E7012003B030BD42
:105A800008E0FFFD70B53023054683F311880379E4
:105A90000024022B03D184F31188204670BD042317
:105AA000037184F311880226FFF7CEFF04462846CF
:105AB000FFF7D2F82E71F0E7FFF730B8044B036020
:105AC0000123037100234363C0E90A33704700BF19
:105AD000C097000810B53023044683F31188C162D3
:105AE000FFF736F802230020237180F3118810BDE0
:105AF00010B53023044683F31188FFF74FF80023D5
:105B00000122E362227183F3118810BD02684368A9
:105B10001143016003B11847704700001430FFF7CC
:105B200021BD00004FF0FF331430FFF71BBD000014
:105B30003830FFF797BD00004FF0FF333830FFF7E4
:105B400091BD00001430FFF7E7BC00004FF0FF31BB
:105B50001430FFF7E1BC00003830FFF741BD000012
:105B60004FF0FF323830FFF73BBD0000012914BF72
:105B70006FF0130000207047FFF7D2BA044B0360A8
:105B800000234360C0E9023301230374704700BF60
:105B9000E497000810B53023044683F31188FFF71B
:105BA0002FFB02230020237480F3118810BD000016
:105BB00038B5C36904460D461BB904210844FFF7F4
:105BC000A5FF294604F11400FFF78AFC002806DA35
:105BD000201D4FF40061BDE83840FFF797BF38BD86
:105BE000026843681143016003B118477047000021
:105BF00013B5406B00F58054D4F8A4381A681178B6
:105C0000042914D1017C022911D1197901231289A7
:105C10008B4013420BD101A94C3002F0AFFED4F8F7
:105C2000A4480246019B2179206800F0DFF902B008
:105C300010BD0000143002F031BE00004FF0FF3301
:105C4000143002F02BBE00004C3002F003BF000005
:105C50004FF0FF334C3002F0FDBE0000143002F074
:105C6000FFBD00004FF0FF31143002F0F9BD00001D
:105C70004C3002F0CFBE00004FF0FF324C3002F04B
:105C8000C9BE00000020704710B500F58054D4F85C
:105C9000A4381A681178042917D1017C022914D17B
:105CA0005979012352898B4013420ED1143002F0EE
:105CB00091FD024648B1D4F8A4484FF4407361798D
:105CC0002068BDE8104000F07FB910BD406BFFF7C1
:105CD000DBBF0000704700007FB5124B0125042692
:105CE000044603600023057400F1840243602946E2
:105CF000C0E902330C4B0290143001934FF440730F
:105D0000009602F043FD094B04F69442294604F143
:105D10004C000294CDE900634FF4407302F00AFE98
:105D200004B070BD0C980008CD5C0008F15B000861
:105D30000A68302383F311880B790B3342F8230070
:105D40004B79133342F823008B7913B10B3342F8AC
:105D5000230000F58053C3F8A41802230374002025
:105D600080F311887047000038B5037F044613B1F3
:105D700090F85430ABB90125201D0221FFF730FF08
:105D800004F114006FF00101257700F0EDFC04F13F
:105D90004C0084F854506FF00101BDE8384000F029
:105DA000E3BC38BD10B5012104460430FFF718FFED
:105DB0000023237784F8543010BD000038B5044622
:105DC0000025143002F0FAFC04F14C00257702F0B3
:105DD000C9FD201D84F854500121FFF701FF204622
:105DE000BDE83840FFF750BF90F8803003F0600303
:105DF000202B06D190F881200023212A03D81F2AC6
:105E000006D800207047222AFBD1C0E91D3303E0E9
:105E1000034A426707228267C3670120704700BFB9
:105E20004422002037B500F58055D5F8A4381A680B
:105E3000117804291AD1017C022917D1197901237B
:105E400012898B40134211D100F14C04204602F01C
:105E500049FE58B101A9204602F090FDD5F8A448AA
:105E60000246019B2179206800F0C0F803B030BDE4
:105E700001F10B03F0B550F8236085B004460D46E0
:105E8000FEB1302383F3118804EB8507301D082110
:105E9000FFF7A6FEFB6806F14C005B691B681BB1AF
:105EA000019002F079FD019803A902F067FD024616
:105EB00048B1039B2946204600F098F8002383F35D
:105EC000118805B0F0BDFB685A691268002AF5D048
:105ED0001B8A013B1340F1D104F18002EAE7000084
:105EE000133138B550F82140ECB1302383F31188D9
:105EF00004F58053D3F8A4281368527903EB820386
:105F0000DB689B695D6845B104216018FFF768FE96
:105F1000294604F1140002F067FC2046FFF7B4FEA6
:105F2000002383F3118838BD7047000001F08CBD59
:105F300001234022002110B5044600F8303BFBF756
:105F4000F7FE0023C4E9013310BD000010B5302373
:105F5000044683F311882422416000210C30FBF7B2
:105F6000E7FE204601F092FD02230020237080F31B
:105F7000118810BD70B500EB8103054650690E46CF
:105F80001446DA6018B110220021FBF7D1FEA06997
:105F900018B110220021FBF7CBFE31462846BDE8A0
:105FA000704001F073BE000083682022002103F0DE
:105FB000011310B5044683601030FBF7B9FE20468C
:105FC000BDE8104001F0EEBEF0B4012500EB810405
:105FD00047898D40E4683D43A469458123600023DF
:105FE000A2606360F0BC01F00BBF0000F0B40125BB
:105FF00000EB810407898D40E4683D4364690581B5
:1060000023600023A2606360F0BC01F081BF000048
:1060100070B5022300250446242203702946C0F8E7
:1060200088500C3040F8045CFBF782FE204684F870
:10603000705001F0BFFD63681B6823B129462046FC
:10604000BDE87040184770BD0378052B10B50446B5
:106050000AD080F88C300523037043681B680BB1AD
:10606000042198470023A36010BD00000178052992
:1060700006D190F88C20436802701B6803B1184762
:106080007047000070B590F87030044613B10023DB
:1060900080F8703004F18002204601F0A7FE6368AA
:1060A0009B68B3B994F8803013F0600535D00021B7
:1060B000204602F099F90021204602F089F9636830
:1060C0001B6813B1062120469847062384F87030D8
:1060D00070BD204698470028E4D0B4F88630A26FFF
:1060E0009A4288BFA36794F98030A56F002B4FF0C8
:1060F000300380F20381002D00F0F280092284F841
:10610000702083F3118800212046D4E91D23FFF776
:106110006DFF002383F31188DAE794F8812003F000
:106120007F0343EA022340F20232934200F0C5802B
:1061300021D8B3F5807F48D00DD8012B3FD0022B5A
:1061400000F09380002BB2D104F188026267022232
:10615000A267E367C1E7B3F5817F00F09B80B3F5E9
:10616000407FA4D194F88230012BA0D1B4F88830BC
:1061700043F0020332E0B3F5006F4DD017D8B3F50A
:10618000A06F31D0A3F5C063012B90D8636820467F
:1061900094F882205E6894F88310B4F88430B04795
:1061A000002884D0436863670368A3671AE0B3F5E7
:1061B000106F36D040F6024293427FF478AF5C4BCA
:1061C00063670223A3670023C3E794F88230012B9F
:1061D0007FF46DAFB4F8883023F00203A4F8883060
:1061E000C4E91D55E56778E7B4F88030B3F5A06FD2
:1061F0000ED194F88230204684F88A3001F038FDC0
:1062000063681B6813B1012120469847032323705C
:106210000023C4E91D339CE704F18B03636701236A
:10622000C3E72378042B10D1302383F31188204651
:10623000FFF7BAFE85F311880321636884F88B5059
:1062400021701B680BB12046984794F88230002BD0
:10625000DED084F88B300423237063681B68002B26
:10626000D6D0022120469847D2E794F884302046C1
:106270001D0603F00F010AD501F0AAFD012804D084
:1062800002287FF414AF2B4B9AE72B4B98E701F0D1
:1062900091FDF3E794F88230002B7FF408AF94F877
:1062A000843013F00F01B3D01A06204602D502F055
:1062B000B3F8ADE702F0A4F8AAE794F88230002B17
:1062C0007FF4F5AE94F8843013F00F01A0D01B06D4
:1062D000204602D502F088F89AE702F079F897E7AD
:1062E000142284F8702083F311882B462A4629460D
:1062F0002046FFF769FE85F31188E9E65DB11522B6
:1063000084F8702083F3118800212046D4E91D23EE
:10631000FFF75AFEFDE60B2284F8702083F3118804
:106320002B462A4629462046FFF760FEE3E700BFDA
:106330003C980008349800083898000838B590F860
:1063400070300446002B3ED0063BDAB20F2A34D818
:106350000F2B32D8DFE803F03731310822323131E8
:106360003131313131313737856FB0F886309D4268
:1063700014D2C3681B8AB5FBF3F203FB12556DB947
:10638000302383F311882B462A462946FFF72EFE39
:1063900085F311880A2384F870300EE0142384F802
:1063A0007030302383F31188002320461A461946A3
:1063B000FFF70AFE002383F3118838BDC36F03B1D2
:1063C00098470023E7E70021204602F00DF800215E
:1063D000204601F0FDFF63681B6813B106212046CB
:1063E00098470623D7E7000010B590F870300446B0
:1063F000142B29D017D8062B05D001D81BB110BDFE
:10640000093B022BFBD80021204601F0EDFF0021C3
:10641000204601F0DDFF63681B6813B106212046AA
:106420009847062319E0152BE9D10B2380F870302B
:10643000302383F3118800231A461946FFF7D6FD4F
:10644000002383F31188DAE7C3689B695B68002B3C
:10645000D5D1C36F03B19847002384F87030CEE7DD
:106460000023826880F8243083691B689968914210
:10647000FBD25A68036042601060586070470000A9
:106480000023826880F8243083691B6899689142F0
:10649000FBD85A6803604260106058607047000083
:1064A00008B50846302383F3118891F82430032B74
:1064B00005D0042B0DD02BB983F3118808BD8B6A4E
:1064C00000221A604FF0FF338362FFF7C9FF0023F9
:1064D000F2E7D1E9003213605A60F3E7034610B5E2
:1064E0001B68984203D09C688A689442F8D25A6824
:1064F0000B604A601160596010BD0000FFF7B0BF2B
:1065000038B50B4B1C68DD6885F8240022685360A1
:106510001A600122DC60A36884F82420934201D130
:1065200001F05CF929462046BDE83840F9F76ABF1A
:10653000684600200C4B30B5DD684B1C87B0044624
:106540000FD02B46094A684600F0A2F92046FFF713
:10655000D7FF009B13B1684600F0A4F9A86A07B002
:1065600030BDFFF7CDFFF9E768460020A1640008C1
:10657000044B1A68DB6890689B68984294BF0020BF
:10658000012070476846002038B50C4B1C68DD6858
:10659000226853601A600122DC6084F82420AB6812
:1065A000934201D101F01CF92846FFF769FF01462B
:1065B0002046BDE83840F9F725BF00BF68460020F7
:1065C000044B1A68DB6892689B689A4201D9FFF70E
:1065D000DBBF70476846002038B50123084C002512
:1065E0002370656002F018FB02F03EFB0549064887
:1065F00002F014FC0223237085F3118838BD00BF1C
:1066000010490020449800086846002000F080B936
:10661000034A516853685B1A9842FBD8704700BF21
:10662000001000E08B604B630023CA6100F1280278
:106630000B6302230A618B840123886181F8263071
:1066400001F11003C26A4A611360C36201F12C03B5
:106650000846CB6270470000D0E90131026841F87A
:10666000183CA1F19C033839CB60036941F8243C04
:10667000436941F8203C034B41F8043CC36802489D
:10668000FFF7D0BF1D0400086846002008B5FFF7DB
:10669000E3FFBDE80840FFF731BF000038B50E4BFF
:1066A000DC6804F12C05A062E06AA8420FD194F8DE
:1066B00026303BB994F825309B0702BFD4E9043259
:1066C00013605A600F20BDE83840FFF719BF036818
:1066D000E362FFF713FFE7E768460020302383F308
:1066E0001188FFF7DBBF000008B50146302383F3B4
:1066F00011880820FFF71EFF002383F3118808BDCF
:10670000054BDB6821B1036098620320FFF712BFDD
:106710004FF0FF30704700BF6846002003682BB180
:106720000022026018469962FFF7E8BE7047000039
:10673000064BDB6839B1426818605A6013604360E9
:106740000420FFF7F7BE4FF0FF3070476846002087
:106750000368984206D01A68026050601846996231
:10676000FFF7CCBE7047000038B504460D462068E0
:10677000844200D138BD036823605C608562FFF706
:10678000BDFEF4E7036810B59C68A2420CD85C68B3
:106790008A600B604C602160596099688A1A9A601F
:1067A0004FF0FF33836010BD121B1B68ECE7000045
:1067B0000A2938BF0A2170B504460D460A26601919
:1067C00002F024FA02F00CFA041BA54203D8751C4F
:1067D00004462E46F3E70A2E04D90120BDE8704096
:1067E00002F0E4BB70BD0000F8B5144B0D460A2A58
:1067F0004FF00A07D96103F11001826038BF0A2205
:10680000416019691446016048601861A81802F0D7
:10681000EDF902F0E5F9431B0646A34206D37C1CC2
:1068200028192746354602F0F1F9F2E70A2F04D974
:106830000120BDE8F84002F0B9BBF8BD6846002071
:10684000F8B506460D4602F0CBF90F4A134653F849
:10685000107F9F4206D12A4601463046BDE8F840E7
:10686000FFF7C2BFD169BB68441A2C1928BF2C4658
:10687000A34202D92946FFF79BFF2246314603482F
:10688000BDE8F840FFF77EBF68460020784600204C
:10689000C0E90323002310B45DF8044B4361FFF704
:1068A000CFBF000010B5194C236998420DD0816804
:1068B000D0E9003213605A609A680A449A60002353
:1068C00003604FF0FF33A36110BD0268234643F815
:1068D000102F53600022026022699A4203D1BDE862
:1068E000104002F08DB9936881680B44936002F008
:1068F00077F92269E1699268441AA242E4D9114405
:10690000BDE81040091AFFF753BF00BF68460020DA
:106910002DE9F047DFF8BC8008F110072C4ED8F8BD
:10692000105002F05DF9D8F81C40AA68031B9A4287
:106930003ED814444FF00009D5E90032C8F81C4095
:1069400013605A60C5F80090D8F81030B34201D1F6
:1069500002F056F989F31188D5E9033128469847A2
:10696000302383F311886B69002BD8D002F038F9FB
:106970006A69A0EB040982464A450DD2022002F062
:1069800015FB0022D8F81030B34208D151462846F2
:10699000BDE8F047FFF728BF121A2244F2E712EBD6
:1069A00009092946384638BF4A46FFF7EBFEB5E7E6
:1069B000D8F81030B34208D01444C8F81C00211A8B
:1069C000A960BDE8F047FFF7F3BEBDE8F08700BF60
:1069D000784600206846002038B502F001F9054AE3
:1069E000D2E90845031B181945F10001C2E9080165
:1069F00038BD00BF6846002010B560B9074804796B
:106A00000368053C9B6818BF0124984708B144F00F
:106A10000404204610BD0124FBE700BFC836002057
:106A2000FFF7EABF2DE9F047884617469A46044625
:106A3000B0B90D4E3579052D05D003240DE0013D8B
:106A400015F0FF050ED03268534639463046D2F86D
:106A500014904246C8470028F1D12046BDE8F0878F
:106A60000424FAE70124F8E7C83600202DE9F047AE
:106A7000884617469A460446B0B90D4E3579052D1D
:106A800005D003240DE0013D15F0FF050ED032685E
:106A9000534639463046D2F818904246C847002837
:106AA000F1D12046BDE8F0870424FAE70124F8E795
:106AB000C836002037B50C46154670B951B10129CA
:106AC0000BD10748694603681B6A984710B9019BB8
:106AD00004462B60204603B030BD0424FAE700BF13
:106AE000C836002000207047FEE700007047000015
:106AF0004FF0FF30704700004B6843608B68836045
:106B0000CB68C3600B6943614B6903628B69436265
:106B10000B6803607047000008B53C4B40F2FF7102
:106B20003B48D3F888200A43C3F88820D3F888204C
:106B300022F4FF6222F00702C3F88820D3F88830DD
:106B4000344B1A6C0A431A649A6E0A439A66324AA4
:106B50009B6E1146FFF7D0FF00F5806002F11C012B
:106B6000FFF7CAFF00F5806002F13801FFF7C4FFAC
:106B700000F5806002F15401FFF7BEFF00F5806070
:106B800002F17001FFF7B8FF00F5806002F18C019F
:106B9000FFF7B2FF00F5806002F1A801FFF7ACFF3C
:106BA00000F5806002F1C401FFF7A6FF00F58060E8
:106BB00002F1E001FFF7A0FF00F5806002F1FC01A7
:106BC000FFF79AFF02F58C7100F58060FFF794FFE4
:106BD00001F0B6FC114BD3F8902242F00102C3F849
:106BE0009022D3F8942242F00102C3F894220522A5
:106BF000C3F898204FF06052C3F89C20084AC3F8AD
:106C0000A020BDE8084000F0FFBC00BF00440258CF
:106C100000000258004502585898000800ED00E0B6
:106C20001F00080308B501F09DFDFFF7D5FC0D4BD3
:106C3000DA6B42F04002DA635A6E22F040025A6682
:106C40005B6E094B1A6842F008021A601A6842F03B
:106C500004021A6000F0ACFD00F03EFBBDE8084005
:106C600000F0B4B8004502580018024801207047EF
:106C7000002070477047000002290CD0032904D07F
:106C80000129074818BF00207047032A05D8054886
:106C900000EBC2007047044870470020704700BFF7
:106CA0005C9A000854220020109A000870B59AB02F
:106CB00005460846144601A900F0C2F801A8FBF7F2
:106CC0002FF8431C0022C6B25B001046C5E9003411
:106CD00023700323023404F8013C01ABD1B2023427
:106CE0008E4201D81AB070BD13F8011B013204F8AE
:106CF000010C04F8021CF1E708B5302383F3118876
:106D00000348FFF78FF8002383F3118808BD00BF05
:106D10001849002090F8803003F01F02012A07D1A3
:106D200090F881200B2A03D10023C0E91D3315E020
:106D300003F06003202B08D1B0F884302BB990F811
:106D40008120212A03D81F2A04D8FFF74DB8222A10
:106D5000EBD0FAE7034A426707228267C367012044
:106D6000704700BF4B22002007B5052917D8DFE880
:106D700001F0191603191920302383F31188104AE2
:106D800001210190FFF7F6F8019802210D4AFFF763
:106D9000F1F80D48FFF712F8002383F3118803B0D0
:106DA0005DF804FB302383F311880748FEF7DCFF0E
:106DB000F2E7302383F311880348FEF7F3FFEBE794
:106DC000B0990008D49900081849002038B50C4D36
:106DD0000C4C2A460C4904F10800FFF767FF05F147
:106DE000CA0204F110000949FFF760FF05F5CA72F5
:106DF00004F118000649BDE83840FFF757BF00BF4F
:106E0000F0610020542200208C9900089699000817
:106E1000A599000870B5044608460D46FAF780FFAC
:106E2000C6B22046013403780BB9184670BD32460D
:106E30002946FAF761FF0028F3D10120F6E70000A8
:106E40002DE9F04705460C46FAF76AFF2B49C6B212
:106E50002846FFF7DFFF08B10F36F6B2284928466B
:106E6000FFF7D8FF08B11036F6B2632E0BD8DFF863
:106E70008C80DFF88C90234FDFF894A02E7846B9F1
:106E80002670BDE8F08729462046BDE8F04702F0AD
:106E900025B9252E2ED1072241462846FAF72CFF88
:106EA00070B9194B224603F1140153F8040B8B42BD
:106EB00042F8040BF9D11B88073516341380DDE73F
:106EC000082249462846FAF717FF98B9A21C0F4B2B
:106ED000197802320909C95D02F8041C13F8011B74
:106EE00001F00F015345C95D02F8031CF0D11834BD
:106EF0000835C3E7013504F8016BBFE77C9A000849
:106F0000A59900089B9A0008849A000800E8F11FE0
:106F10000CE8F11FBFF34F8F044B1A695107FCD1E6
:106F2000D3F810215207F8D1704700BF002000525B
:106F300008B50D4B1B78ABB9FFF7ECFF0B4BDA68CC
:106F4000D10704D50A4A5A6002F188325A60D3F850
:106F50000C21D20706D5064AC3F8042102F1883273
:106F6000C3F8042108BD00BF4E6400200020005279
:106F70002301674508B5114B1B78F3B9104B1A690B
:106F8000510703D5DA6842F04002DA60D3F81021E5
:106F9000520705D5D3F80C2142F04002C3F80C216A
:106FA000FFF7B8FF064BDA6842F00102DA60D3F867
:106FB0000C2142F00102C3F80C2108BD4E640020F0
:106FC000002000520F289ABF00F580604004002086
:106FD000704700004FF400307047000010207047E9
:106FE0000F2808B50BD8FFF7EDFF00F50033026856
:106FF000013204D104308342F9D1012008BD0020C0
:10700000FCE700000F2838B505463FD8FFF782FFA0
:107010001F4CFFF78DFF4FF0FF3307286361C4F863
:1070200014311DD82361FFF775FF030243F02403D9
:10703000E360E36843F08003E36023695A07FCD40C
:107040002846FFF767FFFFF7BDFF4FF4003100F060
:10705000B7FA2846FFF78EFFBDE83840FFF7C0BFFC
:10706000C4F81031FFF756FFA0F108031B0243F0EC
:107070002403C4F80C31D4F80C3143F08003C4F875
:107080000C31D4F810315B07FBD4D9E7002038BDB0
:10709000002000522DE9F84F04460D46104644EA00
:1070A0000203DE0602D00020BDE8F88F20F01F00AA
:1070B000DFF8D4B0DFF8D4A0FFF73AFF05EB000803
:1070C000454503D10120FFF755FFEDE72022294672
:1070D000204601F0CBFF10B920342035F0E72346DD
:1070E00004F120021F68791CDDD104339342F9D1E9
:1070F00004F178432048214EB3F5801F204B38BF60
:10710000184603F1F80332BFD946D1461E46FFF7B1
:1071100001FF0760A4EB050C336805F11C0143F087
:10712000020333602B1FD9F8007017F00507FAD15E
:1071300053F8042F8B424CF80320F4D1BFF34F8F48
:10714000FFF7E8FE4FF0FF330360336823F00203DC
:107150003360BFF34F8F0B4BC3F85C42BFF34F8FCD
:10716000BFF36F8F20222946204601F07FFF0028C1
:10717000B2D03846A7E700BF142100520C200052BD
:107180001420005200ED00E01020005210210052A7
:1071900010B5084C237828B11BB9FFF7C9FE0123AD
:1071A000237010BD002BFCD02070BDE81040FFF70D
:1071B000E1BE00BF4E6400202DE9F04F0D4685B0C2
:1071C000814658B111F00D0614BF2022082211F09B
:1071D0000803019304D0431E034269D0002435E024
:1071E000002E37D009F11F0121F01F094FF00108CF
:1071F000314F05F00403DFF8CCA005EA080BBBF122
:10720000000F32D07869C0072FD408F101080C377D
:10721000B8F1060FF3D19EB9284D4946A81901923D
:1072200001F044FD0446002839D12036019AA02EF1
:10723000F3D1494601F03AFD044600282FD1019AC6
:1072400049461F4801F032FD044660BB204605B0A8
:10725000BDE8F08F0029C9D101462846029201F00D
:1072600025FD0446D8B9029AC0E713B178694107F1
:10727000CBD5AC0702D578698007C6D5019911B185
:1072800078690107C1D549460AEB4810CDE90223C8
:1072900001F00CFD0446DDE902230028B5D04A4682
:1072A0000021204601E04A460021FAF741FDCDE7E2
:1072B0000246002E96D199E7AC9A0008906400200F
:1072C00050640020706400200021FFF775BF0000AB
:1072D0000121FFF771BF000000231A4670B51A6044
:1072E0000433B3F5806FFAD1104D0124104E06EB34
:1072F000441001342A6955F80C1F01F0C3FC062C18
:10730000F5D137254FF4C0542046FFF7E1FF014681
:1073100028B122460748BDE8704001F0B3BCC4EB79
:10732000C404013D4FEAD404EED170BDAC9A00080C
:1073300070640020506400200421FFF73DBF00006E
:107340004843FFF7C1BF000008B101F021BD7047FD
:10735000B0F5805F10B5044607D8FFF7EDFF28B9F8
:107360002046BDE81040FFF7AFBF002010BD000071
:10737000FFF7EABF70B5AAB140EA010313F01F039B
:107380000FD1094C0144A5686D0706D52568A842B0
:1073900003D366683544A94204D903330C34122B55
:1073A000F1D10022104670BDAC9A000808B501F07A
:1073B00005FE034AD2E90032C01842EB010108BDC4
:1073C00030650020434BD3E900232DE9F3411343FB
:1073D0007CD0FFF7EBFF404A00230027F9F72CF899
:1073E00006460D463D4A0023F9F726F800231446C9
:1073F00030462946394AF9F71FF84FF461613C23BA
:10740000ADF80170B4FBF1F5B4FBF3F601FB1541E7
:1074100003FB16464624B1FBF3F1314BF6B28DF86F
:10742000004098423CD84FF0640C4FF4C87EA3074C
:1074300004F26C7225D1B2FBFCF30CFB132313BBDB
:10744000B2FBFEF30EFB1322B2FA82F35B0903F2E6
:107450006D18621C8045D2B217D90FB18DF800406B
:107460000022204C4FF00C0C17460CFB0343D4B207
:10747000013213F804C084450CD8A0EB0C0001279E
:10748000F5E70023E3E70123E1E7A0EB080014465A
:107490000127CCE70FB18DF80140431C8DF8023075
:1074A0009DF80100431C9DF800005038400640EA5A
:1074B00043509DF8023040EA034040EA560040EA5B
:1074C000C52040EA411002B0BDE8F0814FF404103D
:1074D000F9E700BF3065002040420F0080510100F5
:1074E00090230B00F49A00080244074BD2B210B567
:1074F000904200D110BD441C00B253F8200041F866
:10750000040BE0B2F4E700BF504000580E4B30B51A
:107510001C6F240405D41C6F1C671C6F44F40044CA
:107520001C670A4C02442368D2B243F48073236080
:10753000074B904200D130BD441C51F8045B00B2AF
:1075400043F82050E0B2F4E70044025800480258E3
:107550005040005807B5012201A90020FFF7C4FFE1
:10756000019803B05DF804FB13B50446FFF7F2FF82
:10757000A04205D0012201A900200194FFF7C6FF17
:1075800002B010BD10B56424013C4FF47A70FFF7CF
:10759000ABF814F0FF04F7D1084B4FF080721424BD
:1075A0009A6103F5805308229A61013C4FF47A7086
:1075B000FFF79AF814F0FF04F7D110BD000002584D
:1075C0000144BFF34F8F064B884204D3BFF34F8F64
:1075D000BFF36F8F7047C3F85C022030F4E700BF41
:1075E00000ED00E00144BFF34F8F064B884204D307
:1075F000BFF34F8FBFF36F8F7047C3F87002203017
:10760000F4E700BF00ED00E0114BDA6952021ED52D
:107610009A69D00704D50F4A9A6002F144329A6001
:107620000B4BDA69D107FCD41A6A22F480021A6281
:107630009A6942F002029A61DA69D207FCD49A6927
:1076400042F001029A61024AD369DB07FCD4704719
:10765000002000523B2A190870B5054616460C4614
:1076600001201021FFF76CFE286046733CB12046D4
:1076700036B1FFF761FE2B68186000B19C6070BDE9
:10768000FFF726FEF7E70000F8B50F46154604465B
:1076900048B905F11F010126386821F01F01FFF7E5
:1076A0008FFF3046F8BD427B29463868FFF762FEFF
:1076B00006460028EDD13B686360A368AB4210D258
:1076C00013B12068FFF740FE637B28462BB1FFF71C
:1076D00033FE206020B9A060E3E7FFF7F9FDF8E78B
:1076E000A560206805F11F01012621F01F01386007
:1076F000FFF766FF2673D4E770B50E4602F11F014F
:107700000446154621F01F013046FFF76BFF4CB1D0
:107710002168B14206D1606810B12A46FAF7E2FA50
:107720000023237370BD0000F8B50F4614460546CC
:1077300048B904F11F010126386821F01F01FFF745
:1077400051FF3046F8BD427B21463868FFF712FEF4
:1077500006460028EDD1AB68A34210D213B12868C9
:10776000FFF7F2FD6B7B20462BB1FFF7E5FD2860AC
:1077700020B9A860E5E7FFF7ABFDF8E7AC60396832
:1077800019B122462868FAF7ADFA286804F11F01FA
:10779000012621F01F013860FFF724FF2E73D0E788
:1077A00020B103688B4204BF0023037370470000BD
:1077B000034B1A681AB9034AD2F8D0241A607047EA
:1077C000386500200040025808B5FFF7F1FF024B72
:1077D0001868C0F3806008BD38650020704700005D
:1077E00070470000EFF30983054968334A6B22F0C4
:1077F00001024A6383F30988002383F311887047E9
:1078000000EF00E0302080F3118862B60D4B0E4A85
:10781000D96821F4E0610904090C0A430B49DA60D4
:10782000D3F8FC2042F08072C3F8FC20084AC2F86A
:10783000B01F116841F0010111602022DA7783F84E
:107840002200704700ED00E00003FA0555CEACC5FC
:10785000001000E0302310B583F311880E4B5B68F5
:1078600013F4006314D0F1EE103AEFF309844FF0F3
:107870008073683CE361094BDB6B236684F3098802
:10788000FEF776FE10B1064BA36110BD054BFBE77A
:1078900083F31188F9E700BF00ED00E000EF00E09E
:1078A0002F0400083204000870B5BFF34F8FBFF3F8
:1078B0006F8F1A4A0021C2F85012BFF34F8FBFF3E7
:1078C0006F8F536943F400335361BFF34F8FBFF39E
:1078D0006F8FC2F88410BFF34F8FD2F8803043F619
:1078E000E074C3F3C900C3F34E335B0103EA04063B
:1078F000014646EA81750139C2F86052F9D2203B4F
:1079000013F1200FF2D1BFF34F8F536943F480334B
:107910005361BFF34F8FBFF36F8F70BD00ED00E079
:10792000FEE70000214B2248224A70B5904237D32F
:10793000214BC11EDA1C121A22F003028B4238BFFF
:1079400000220021FAF7F4F91C4A0023C2F884301F
:10795000BFF34F8FD2F8803043F6E074C3F3C90011
:10796000C3F34E335B0103EA0406014646EA817520
:107970000139C2F86C52F9D2203B13F1200FF2D139
:10798000BFF34F8FBFF36F8FBFF34F8FBFF36F8F77
:107990000023C2F85032BFF34F8FBFF36F8F70BD1B
:1079A00053F8041B40F8041BC0E700BFFC9B000811
:1079B000B4660020B4660020B466002000ED00E04C
:1079C000054B996B21EA000199631A6E22EA0002C5
:1079D0001A661B6E704700BF0045025870B5D0E9AB
:1079E000244300224FF0FF359E6804EB42135101FF
:1079F000D3F80009002805DAD3F8000940F08040E8
:107A0000C3F80009D3F8000B002805DAD3F8000BFF
:107A100040F08040C3F8000B013263189642C3F86F
:107A20000859C3F8085BE0D24FF00113C4F81C38C2
:107A300070BD0000890141F02001016103699B06CE
:107A4000FCD41220FEF7E4BD10B50A4C2046FEF728
:107A50006FFA094BC4F89030084BC4F89430084CC6
:107A60002046FEF765FA074BC4F89030064BC4F881
:107A7000943010BD3C65002000000840309B000899
:107A8000D8650020000004403C9B000870B50378D6
:107A90000546012B58D13F4BD0F89040984254D125
:107AA0003D4B0E2165209A6B42F000629A631A6E7C
:107AB00042F000621A661B6E384BD3F8802042F009
:107AC0000062C3F88020D3F8802022F00062C3F85F
:107AD0008020D3F88030FDF76FFC314BE360314BF1
:107AE000C4F800380023D5F89060C4F8003EC023E5
:107AF00023604FF40413A3633369002BFCDA0123E2
:107B00000C203361FEF784FD3369DB07FCD41220BF
:107B1000FEF77EFD3369002BFCDA00262846A660BE
:107B2000FFF75CFF6B68C4F81068DB68C4F8146882
:107B3000C4F81C6863BB1C4BA3614FF0FF33636147
:107B4000A36843F00103A36070BD184B9842C9D1EC
:107B5000114B4FF080609A6B42F000729A631A6E7C
:107B600042F000721A661B6E0C4BD3F8802042F074
:107B70000072C3F88020D3F8802022F00072C3F88E
:107B80008020D3F88030FFF71BFF0E214D20A2E7A5
:107B9000074BD1E73C6500200045025800440258DD
:107BA0004014004003002002003C30C0D865002093
:107BB000083C30C0F8B5D0F89040054600214FF0A1
:107BC00000662046FFF736FFD5F8941000234FF0EB
:107BD00001128F684FF0FF30C4F83438C4F81C2805
:107BE00004EB431201339F42C2F80069C2F8006BF4
:107BF000C2F80809C2F8080BF2D20B68D5F8902039
:107C0000C5F89830636210231361166916F01006E8
:107C1000FBD11220FEF7FCFCD4F8003823F4FE63FD
:107C2000C4F80038A36943F4402343F01003A36170
:107C30000923C4F81038C4F814380B4BEB604FF02C
:107C4000C043C4F8103B094BC4F8003BC4F81069AA
:107C5000C4F80039D5F8983003F1100243F48013CA
:107C6000C5F89820A362F8BD0C9B00084080001066
:107C7000D0F8902090F88A10D2F8003823F4FE63F0
:107C800043EA0113C2F80038704700002DE9F843B9
:107C900000EB8103D0F890500C468046DA680FFA6A
:107CA00081F94801166806F00306731E022B05EBE6
:107CB00041134FF0000194BFB604384EC3F8101BB7
:107CC0004FF0010104F1100398BF06F1805601FA4C
:107CD00003F3916998BF06F5004600293AD0578A08
:107CE00004F15801374349016F50D5F81C180B4374
:107CF0000021C5F81C382B180127C3F81019A7401C
:107D00005369611E9BB3138A928B9B08012A88BF1B
:107D10005343D8F89820981842EA034301F14002EF
:107D20002146C8F89800284605EB82025360FFF709
:107D300081FE08EB8900C3681B8A43EA84534834F8
:107D40001E4364012E51D5F81C381F43C5F81C781A
:107D5000BDE8F88305EB4917D7F8001B21F4004173
:107D6000C7F8001BD5F81C1821EA0303C0E704F18B
:107D70003F030B4A2846214605EB83035A60FFF771
:107D800059FE05EB4910D0F8003923F40043C0F840
:107D90000039D5F81C3823EA0707D7E70080001020
:107DA00000040002D0F894201268C0F89820FFF771
:107DB00015BE00005831D0F8903049015B5813F4DB
:107DC000004004D013F4001F0CBF022001207047B4
:107DD0004831D0F8903049015B5813F4004004D08A
:107DE00013F4001F0CBF02200120704700EB81013B
:107DF000CB68196A0B6813604B68536070470000CA
:107E000000EB810330B5DD68AA691368D36019B946
:107E1000402B84BF402313606B8A1468D0F89020F5
:107E20001C4402EB4110013C09B2B4FBF3F4634380
:107E3000033323F0030343EAC44343F0C043C0F8D1
:107E4000103B2B6803F00303012B0ED1D2F8083846
:107E500002EB411013F4807FD0F8003B14BF43F0D5
:107E6000805343F00053C0F8003B02EB4112D2F8BC
:107E7000003B43F00443C2F8003B30BD2DE9F04124
:107E8000D0F8906005460C4606EB4113D3F8087B0A
:107E90003A07C3F8087B08D5D6F814381B0704D571
:107EA00000EB8103DB685B689847FA071FD5D6F8BB
:107EB0001438DB071BD505EB8403D968CCB98B6973
:107EC000488A5A68B2FBF0F600FB16228AB9186895
:107ED000DA6890420DD2121AC3E90024302383F3EA
:107EE000118821462846FFF78BFF84F31188BDE8EF
:107EF000F081012303FA04F26B8923EA02036B8108
:107F0000CB68002BF3D021462846BDE8F041184746
:107F100000EB81034A0170B5DD68D0F890306C69E0
:107F20002668E66056BB1A444FF40020C2F81009D8
:107F30002A6802F00302012A0AB20ED1D3F8080817
:107F400003EB421410F4807FD4F8000914BF40F012
:107F5000805040F00050C4F8000903EB4212D2F800
:107F6000000940F00440C2F800090122D3F83408A7
:107F700002FA01F10143C3F8341870BD19B9402E5B
:107F800084BF4020206020681A442E8A8419013C56
:107F9000B4FBF6F440EAC44040F00050C6E70000ED
:107FA0002DE9F843D0F8906005460C464F0106EBEA
:107FB0004113D3F8088918F0010FC3F808891CD0C1
:107FC000D6F81038DB0718D500EB8103D3F80CC0C6
:107FD000DCF81430D3F800E0DA68964530D2A2EB32
:107FE0000E024FF000091A60C3F80490302383F3A7
:107FF0001188FFF78DFF89F3118818F0800F1DD0CD
:10800000D6F834380126A640334217D005EB840356
:108010000134D5F89050D3F80CC0E4B22F44DCF80A
:10802000142005EB0434D2F800E05168714514D3F4
:10803000D5F8343823EA0606C5F83468BDE8F88375
:10804000012303FA01F2038923EA02030381DCF826
:108050000830002BD1D09847CFE7AEEB0103BCF836
:108060001000834228BF0346D7F8180980B2B3EB4B
:10807000800FE3D89068A0F1040959F8048FC4F880
:108080000080A0EB09089844B8F1040FF5D8184413
:108090000B4490605360C8E72DE9F84FD0F890503A
:1080A00004466E69AB691E4016F480586E6103D0B9
:1080B000BDE8F84FFDF7ACBF002E12DAD5F8003E50
:1080C0009B0705D0D5F8003E23F00303C5F8003E1A
:1080D000D5F80438204623F00103C5F80438FDF72D
:1080E000C5FF370505D52046FFF778FC2046FDF78C
:1080F000ABFFB0040CD5D5F8083813F0060FEB68C9
:1081000023F470530CBF43F4105343F4A053EB60BB
:1081100031071BD56368DB681BB9AB6923F0080323
:10812000AB612378052B0CD1D5F8003E9A0705D01A
:10813000D5F8003E23F00303C5F8003E2046FDF7C6
:1081400095FF6368DB680BB120469847F30200F1A6
:10815000BA80B70226D5D4F8909000274FF0010AD4
:1081600009EB4712D2F8003B03F44023B3F5802F0C
:1081700011D1D2F8003B002B0DDA62890AFA07F31D
:1081800022EA0303638104EB8703DB68DB6813B136
:108190003946204698470137D4F89430FFB29B689F
:1081A0009F42DDD9F00619D5D4F89000026AC2F3D7
:1081B0000A1702F00F0302F4F012B2F5802F00F05C
:1081C000CA80B2F5402F09D104EB8303002200F5E9
:1081D0008050DB681B6A974240F0B0803003D5F8CE
:1081E000185835D5E90303D500212046FFF746FE90
:1081F000AA0303D501212046FFF740FE6B0303D5F8
:1082000002212046FFF73AFE2F0303D50321204623
:10821000FFF734FEE80203D504212046FFF72EFEC7
:10822000A90203D505212046FFF728FE6A0203D5DF
:1082300006212046FFF722FE2B0203D50721204608
:10824000FFF71CFEEF0103D508212046FFF716FEBD
:10825000700340F1A780E90703D500212046FFF70E
:108260009FFEAA0703D501212046FFF799FE6B0761
:1082700003D502212046FFF793FE2F0703D50321E4
:108280002046FFF78DFEEE0603D504212046FFF7BA
:1082900087FEA80603D505212046FFF781FE690663
:1082A00003D506212046FFF77BFE2A0603D50721CA
:1082B0002046FFF775FEEB0574D520460821BDE882
:1082C000F84FFFF76DBED4F890904FF0000B4FF0D1
:1082D000010AD4F894305FFA8BF79B689F423FF60F
:1082E00038AF09EB4713D3F8002902F44022B2F566
:1082F000802F20D1D3F80029002A1CDAD3F80029D6
:1083000042F09042C3F80029D3F80029002AFBDB91
:108310003946D4F89000FFF78DFB22890AFA07F35B
:1083200022EA0303238104EB8703DB689B6813B114
:108330003946204698470BF1010BCAE7910701D156
:10834000D0F80080072A02F101029CBF03F8018BDC
:108350004FEA18283FE704EB830300F58050DA6802
:10836000D2F818C0DCF80820DCE9001CA1EB0C0CEA
:1083700000218F4208D1DB689B699A683A449A6071
:108380005A683A445A6029E711F0030F01D1D0F836
:1083900000808C4501F1010184BF02F8018B4FEA96
:1083A0001828E6E7BDE8F88F08B50348FFF774FE24
:1083B000BDE80840FFF74EBA3C65002008B5034809
:1083C000FFF76AFEBDE80840FFF744BAD865002011
:1083D000D0F8903003EB4111D1F8003B43F4001387
:1083E000C1F8003B70470000D0F8903003EB41111A
:1083F000D1F8003943F40013C1F800397047000088
:10840000D0F8903003EB4111D1F8003B23F4001376
:10841000C1F8003B70470000D0F8903003EB4111E9
:10842000D1F8003923F40013C1F800397047000077
:10843000044BDA6B0243DA635A6E104358665B6E84
:10844000704700BF0045025808B53C4B4FF0FF3164
:10845000D3F8802062F00042C3F88020D3F8802057
:1084600002F00042C3F88020D3F88020D3F88420A3
:10847000C3F88410D3F884200022C3F88420D3F8F2
:108480008400D86F40F0FF4040F4FF0040F4DF402C
:1084900040F07F00D867D86F20F0FF4020F4FF0045
:1084A00020F4DF4020F07F00D867D86FD3F8880031
:1084B0006FEA40506FEA5050C3F88800D3F8880044
:1084C000C0F30A00C3F88800D3F88800D3F89000FE
:1084D000C3F89010D3F89000C3F89020D3F8900020
:1084E000D3F89400C3F89410D3F89400C3F8942000
:1084F000D3F89400D3F89800C3F89810D3F89800F4
:10850000C3F89820D3F89800D3F88C00C3F88C10E7
:10851000D3F88C00C3F88C20D3F88C00D3F89C00DF
:10852000C3F89C10D3F89C10C3F89C20D3F89C305F
:10853000FCF704FABDE8084000F0F8B8004402581F
:1085400008B50122504BC3F80821504B5A6D42F038
:1085500002025A65DA6F42F00202DA670422DB6F28
:108560004B4BDA605A689104FCD54A4A1A600122E2
:108570009A60494ADA6000221A614FF440429A61D7
:10858000434B9A699204FCD51A6842F480721A60CF
:10859000424B1A6F12F4407F04D04FF480321A67B6
:1085A00000221A671A6842F001021A603B4B1A68EF
:1085B0005007FCD500221A611A6912F03802FBD16B
:1085C000012119604FF0804159605A67344ADA62DC
:1085D000344A1A611A6842F480321A602F4B1A68C2
:1085E0009103FCD51A6842F480521A601A6892040A
:1085F000FCD52D4A2D499A6200225A63196301F570
:108600007C01DA6301F5E77199635A64284A1A64B8
:10861000284ADA621A6842F0A8521A601F4B1A6898
:1086200002F02852B2F1285FF9D148229A614FF442
:108630008862DA6140221A621F4ADA641F4A1A65A8
:108640001F4A5A651F4A9A6532231F4A13601368EE
:1086500003F00F03022BFAD1104A136943F003030E
:108660001361136903F03803182BFAD14FF000504F
:10867000FFF7DEFE4FF08040FFF7DAFE4FF00040DC
:10868000BDE80840FFF7D4BE008000510045025805
:108690000048025800C000F00400000100440258E5
:1086A0000000FF0100889008322060006302090189
:1086B000470E0508DD0BBF0120000020000001105F
:1086C0000910E000000101100020005208B5034825
:1086D000FCF7ECFCBDE80840FFF7BCB8C83600204A
:1086E00008B50348FCF7E2FDBDE80840FFF7B2B863
:1086F0002039002008B50348FCF7D8FDBDE8084044
:10870000FFF7A8B88C39002008B50348FCF7CEFD68
:10871000BDE80840FFF79EB8F839002008B500F022
:108720008FFCBDE80840FFF795B8000008B50921A7
:108730007A20FCF741FE09213120FCF73DFE07219C
:108740003220FCF739FE0C212620FCF735FE0C21E7
:108750002720FCF731FE0C215220BDE80840FCF731
:108760002BBE000008B5FFF76FFE00F043FCFDF7DD
:1087700003FAFDF7A1F9FDF7D9FBFDF7ABFAFEF718
:1087800079FABDE8084000F029BA000030B504339A
:10879000039C0172002104FB0325C160C0E906535C
:1087A000049B0363059BC0E90000C0E90422C0E903
:1087B0000842C0E90A11436330BD00000022416A4B
:1087C000C260C0E90411C0E90A226FF00101FDF79F
:1087D000CBBF0000D0E90432934201D1C2680AB98C
:1087E000181D704700207047036919600021C26896
:1087F0000132C260C269134482699342036124BF9B
:10880000436A0361FDF7A4BF38B504460D46E3682B
:108810003BB162690020131D1268A3621344E36236
:1088200007E0237A33B929462046FDF781FF002867
:10883000EDDA38BD6FF00100FBE70000C368C269E4
:10884000013BC3604369134482699342436124BF7F
:10885000436A436100238362036B03B11847704787
:1088600070B53023044683F31188866A3EB9FFF75A
:10887000CBFF054618B186F31188284670BDA36A60
:10888000E26A13F8015B9342A36202D32046FFF72A
:10889000D5FF002383F31188EFE700002DE9F84F9F
:1088A00004460E46174698464FF0300989F3118862
:1088B0000025AA46D4F828B0BBF1000F09D14146E3
:1088C0002046FFF7A1FF20B18BF311882846BDE8B1
:1088D000F88FD4E90A12A7EB050B521A934528BF6B
:1088E0009346BBF1400F1BD9334601F1400251F8CA
:1088F000040B914243F8040BF9D1A36A403640358A
:108900004033A362D4E90A239A4202D32046FFF7F8
:1089100095FF8AF31188BD42D8D289F31188C9E73F
:1089200030465A46F9F7DEF9A36A5E445D445B447B
:10893000A362E7E710B5029C0433017203FB042134
:10894000C460C0E906130023C0E90A33039B036334
:10895000049BC0E90000C0E90422C0E90842436367
:1089600010BD0000026A6FF00101C260426AC0E9F6
:1089700004220022C0E90A22FDF7F6BED0E9042352
:108980009A4201D1C26822B9184650F8043B0B60E4
:10899000704700231846FAE7C3680021C269013313
:1089A000C3604369134482699342436124BF436AAD
:1089B0004361FDF7CDBE000038B504460D46E368BF
:1089C0003BB1236900201A1DA262E2691344E362ED
:1089D00007E0237A33B929462046FDF7A9FE00288F
:1089E000EDDA38BD6FF00100FBE7000003691960A4
:1089F000C268013AC260C26913448269934203614A
:108A000024BF436A036100238362036B03B11847E9
:108A10007047000070B530230D460446114683F3BD
:108A20001188866A2EB9FFF7C7FF10B186F3118847
:108A300070BDA36A1D70A36AE26A01339342A36208
:108A400004D3E16920460439FFF7D0FF002080F30A
:108A50001188EDE72DE9F84F04460D4690469946FA
:108A60004FF0300A8AF311880026B346A76A4FB93F
:108A700049462046FFF7A0FF20B187F31188304612
:108A8000BDE8F88FD4E90A073A1AA8EB060797421F
:108A900028BF1746402F1BD905F1400355F8042B7A
:108AA0009D4240F8042BF9D1A36A40364033A362BB
:108AB000D4E90A239A4204D3E16920460439FFF736
:108AC00095FF8BF311884645D9D28AF31188CDE7FB
:108AD00029463A46F9F706F9A36A3D443E443B4429
:108AE000A362E5E7D0E904239A4217D1C3689BB19A
:108AF000836A8BB1043B9B1A0ED01360C368013BA1
:108B0000C360C3691A4483699A42026124BF436AFD
:108B10000361002383620123184670470023FBE7AB
:108B200001F01F03F0B502F01F0456095A1C01237F
:108B3000B6EB511F50F8265003FA02F34FEA5117D3
:108B400003F1FF333DBF50F82720C4F1200013404C
:108B500003EA05003BBF03FA00F225FA04F0E04007
:108B60001043F0BD70B57E227F210546FFF7D8FF88
:108B700018B1012819D0002070BD3E224921284695
:108B8000FFF7CEFF2F22044631212846FFF7C8FF0A
:108B9000064601345022023653212846B440FFF7DE
:108BA000BFFF093804FA00F0E6E7302245212846E5
:108BB000FFF7B6FF01308002DEE7000090F8D63004
:108BC00090F8D7201B0403EB026390F8D42090F8B0
:108BD000D500134403EB00207047000000F00CBAEE
:108BE000014B586A704700BF000C0040034B002245
:108BF00058631A610222DA60704700BF000C00401F
:108C0000014B0022DA607047000C0040014B5863B2
:108C1000704700BF000C0040024B034A1A60034A31
:108C20005A6070478C660020B86600200000022061
:108C3000074B494210B55C68201A08401968821A2F
:108C40008A4203D3A24201D85A6010BD0020FCE73B
:108C50008C66002008B5302383F31188FFF7E8FF06
:108C6000002383F3118808BD0448054B03600023EB
:108C7000C0E901330C3000F017B900BF9466002042
:108C8000558C0008CB1D083A23F00703591A521AD5
:108C900010B4D2080024C0E9004384600C301C608A
:108CA0005A605DF8044B00F0FFB800002DE9F74F63
:108CB000364FCD1D8846002818BF0746082A4FEAC0
:108CC000D50538BF082207F10C003C1D91460190E4
:108CD00000F02CF9019809F10701C9F1000E2246B4
:108CE000246864B900F02CF93B68CBB308224946EC
:108CF000E8009847044698B340E9027830E004EB76
:108D0000010CD4F804A00CEA0E0C0AF10106ACF137
:108D1000080304EBC6069E42E1D9A6EB0C0CB5EBAA
:108D2000EC0F4FEAEC0BDAD89C421DD204F108029A
:108D3000AB45A3EB02024FEAE202626009D9691C6B
:108D4000ED4303EBC1025D445560256843F83150A3
:108D500022601C46C3F8048044F8087B00F0F0F859
:108D6000204603B0BDE8F08FAA45216802D111600A
:108D70002346EEE7013504EBC50344F8351003F153
:108D80000801761AF6105E601360F1E79466002021
:108D900073B50446A0F1080550F8080C54F8043CDB
:108DA000061D0C3007330190DB0844F8043C00F04A
:108DB000BDF8334601989E421A6801D0AB4228D2D2
:108DC0000AB1954225D244F8082C54F8042C1D60B1
:108DD000013254F8081C05EBC206B14206D14E68B8
:108DE000324444F8042C0A6844F8082C5E68711C6C
:108DF00003EBC1018D4207D154F8042C01323244F7
:108E00005A6054F8082C1A6002B0BDE8704000F0B7
:108E100097B81346CFE70000FEE7000070B51E4B81
:108E20000025044686B058600E4605638163FEF750
:108E3000E9FC04F12803A5606563C4E90A3304F181
:108E40001003C4E904334FF0FF33C4E90044C4E91C
:108E50000635FFF7C5FE2B46024604F13C012046CD
:108E6000C4E9082380230D4A6567FDF7DBFB7368BF
:108E7000E0600B4A03620123009280F824306846C8
:108E8000F26801923269CDE90223064BCDE904353F
:108E9000FDF7FCFB06B070BD10490020509B000898
:108EA000489B0008198E00080023C0E90000836079
:108EB0000361704770B51C4B05468468DE685CB37F
:108EC000B44213D103690133036170BDA36094F808
:108ED000243083B1062B15D1A06A2146D4E9003293
:108EE00013605A60FDF7FAFAA36A9C68B368A26837
:108EF0009A42EBD306E0D4E90032204613605A6070
:108F0000FDF7FCFA28463146FDF7E8FAB56206207F
:108F1000BDE87040FDF7F4BA036986600133036170
:108F2000336BC3603063D0E76846002008B5302358
:108F300083F31188FFF7BEFF002383F3118808BD78
:108F4000194BD96883688B4210B520D1302383F345
:108F500011880269013A0261B2B90468C368A0428B
:108F60000B631ED04A6B9BB901238A6003610368BF
:108F70001A68026050601A6B8360C26018631846FA
:108F8000FDF7BCFAFDF71CFB002383F3118810BD2D
:108F90001C68A34203D0A468A24238BF2246DB6803
:108FA000E1E78260F0E700BF68460020024A536BA9
:108FB00018435063704700BF6846002038B5EFF390
:108FC00011859DB9EFF30584C4F30804302334B14F
:108FD00083F31188FDF700FD85F3118838BD83F315
:108FE0001188FDF7F9FC84F3118838BDBDE83840DD
:108FF000FDF7F2BC704700000E4B9A6C42F008027D
:109000009A641A6F42F008021A670B4A1B6FD36BFF
:1090100043F00803D363C722084B9A624FF0FF3234
:10902000DA6200229A615A63DA605A6001225A6158
:109030001A607047004502580010005C000C0040A8
:10904000094A08B51169D3680B40D9B29B076FEA8A
:109050000101116107D5302383F31188FDF7D6FA9A
:10906000002383F3118808BD000C004010B50139BE
:109070000244904201D1002005E0037811F8014F2D
:10908000A34201D0181B10BD0130F2E7884210B591
:1090900001EB020402D98442234607D8431EA142B1
:1090A00008D011F8012B03F8012FF8E7024401461C
:1090B0008A4200D110BD13F8014D02F8014DF7E7C7
:1090C000C9B2034610F8012B1AB18A42F9D11846E9
:1090D0007047002918BF0023F9E70000034611F884
:1090E000012B03F8012B002AF9D1704710B5013983
:1090F000034632B111F8014F03F8014B013A002C3D
:10910000F7D11A440021934200D110BD03F8011B8E
:10911000F9E7000039393366383034383666396259
:1091200030653161000000001210000012110000D3
:10913000121300004D4435002D2D0A002F6172647A
:109140007570696C6F742E6162696E002F61726454
:109150007570696C6F742D7665726966792E6162BF
:10916000696E002F6172647570696C6F742D666C26
:109170006173682E6162696E002F61726475706937
:109180006C6F742D666C61736865642E6162696EC4
:10919000000000000000000000000000FD0E0008BC
:1091A000990F000849110008D10F0008910F00081D
:1091B0000000000000000000F90E0008A50F0008E4
:1091C00081110008F50E0008010F000853544D33BB
:1091D0003248373F3F3F0053544D3332483733789E
:1091E0002F3732780053544D3332483734332F37CA
:1091F00035332F373530000001105A000310590065
:1092000001205800032056002F00000053756363AF
:1092100065737366756C6C79206D6F756E746564BB
:10922000205344436172642028736C6F77646F77B6
:109230006E3D2575290A0000EB769045584641544D
:10924000202020004641543332202020000000001E
:109250002A3A3C3E7C223F7F002B2C3B3D5B5D004D
:1092600043554541414141434545454949494141AE
:109270004592924F4F4F5555594F554F9C4F9E9F7A
:1092800041494F55A5A5A6A7A8A9AAABACADAEAFBD
:10929000B0B1B2B3B4414141B8B9BABBBCBDBEBFB5
:1092A000C0C1C2C3C4C54141C8C9CACBCCCDCECF51
:1092B000D1D145454549494949D9DADBDCDD49DFAA
:1092C0004FE14F4F4F4FE6E8E85555555959EEEFEE
:1092D000F0F1F2F3F4F5F6F7F8F9FAFBFCFDFEFF16
:1092E00001030507090E10121416181C1E000000B9
:1092F00061001A03E0001703F8000703FF000100F4
:1093000078010001300132010601390110014A01E2
:109310002E017901060180014D0043028101820185
:1093200082018401840186018701870189018A0104
:109330008B018B018D018E018F01900191019101B3
:1093400093019401F60196019701980198013D025D
:109350009B019C019D0120029F01A001A001A2018F
:10936000A201A401A401A601A701A701A901AA01C4
:10937000AB01AC01AC01AE01AF01AF01B101B20173
:10938000B301B301B501B501B701B801B801BA0124
:10939000BB01BC01BC01BE01F701C001C101C2019A
:1093A000C301C401C501C401C701C801C701CA0185
:1093B000CB01CA01CD011001DD0101008E01DE01EA
:1093C0001201F3010300F101F401F401F801280195
:1093D000220212013A020900652C3B023B023D02C7
:1093E000662C3F0240024102410246020A0153023A
:1093F000400081018601550289018A0158028F01CE
:109400005A0290015C025D025E025F0293016102FA
:109410006202940164026502660267029701960186
:109420006A02622C6C026D026E029C017002710273
:109430009D01730274029F0176027702780279021D
:109440007A027B027C02642C7E027F02A6018102EA
:109450008202A9018402850286028702AE014402CB
:10946000B101B20145028D028E028F02900291027B
:10947000B7017B030300FD03FE03FF03AC030400FD
:109480008603880389038A03B1031103C203020020
:10949000A303A303C4030803CC0303008C038E03BC
:1094A0008F03D8031801F2030A00F903F303F4034E
:1094B000F503F603F703F703F903FA03FA0330049D
:1094C000200350041007600422018A043601C104FD
:1094D0000E01CF040100C004D0044401610526043C
:1094E000000000007D1D0100632C001E9601A01EDF
:1094F0005A01001F0806101F0606201F0806301F0D
:109500000806401F0606511F0700591F521F5B1F08
:10951000541F5D1F561F5F1F601F0806701F0E003F
:10952000BA1FBB1FC81FC91FCA1FCB1FDA1FDB1FF3
:10953000F81FF91FEA1FEB1FFA1FFB1F801F080609
:10954000901F0806A01F0806B01F0400B81FB91F0F
:10955000B21FBC1FCC1F0100C31FD01F0206E01F9B
:109560000206E51F0100EC1FF31F0100FC1F4E2146
:109570000100322170211002842101008321D024B6
:109580001A05302C2F04602C0201672C0601752C63
:109590000201802C6401002D260841FF1A030000FF
:1095A000C700FC00E900E200E400E000E500E7009D
:1095B000EA00EB00E800EF00EE00EC00C400C5009C
:1095C000C900E600C600F400F600F200FB00F90056
:1095D000FF00D600DC00F800A300D800D7009201FD
:1095E000E100ED00F300FA00F100D100AA00BA009A
:1095F000BF00AE00AC00BD00BC00A100AB00BB00D2
:1096000091259225932502252425C100C200C00082
:10961000A9006325512557255D25A200A500102529
:10962000142534252C251C2500253C25E300C300EA
:109630005A25542569256625602550256C25A400EA
:10964000F000D000CA00CB00C8003101CD00CE0030
:10965000CF0018250C2588258425A600CC00802560
:10966000D300DF00D400D200F500D500B500FE0025
:10967000DE00DA00DB00D900FD00DD00AF00B40041
:10968000AD00B1001720BE00B600A700F700B8007B
:10969000B000A800B700B900B300B200A025A00038
:1096A00010000240080002400008024000000B00C9
:1096B00028000240080002400408024006010C0095
:1096C00040000240080002400808024010020D005D
:1096D00058000240080002400C08024016030E0029
:1096E000700002400C0002401008024000040F000D
:1096F000880002400C0002401408024006051000D9
:10970000A00002400C0002401808024010061100A0
:10971000B80002400C0002401C08024016072F004F
:1097200010040240080402402008024000083800EB
:1097300028040240080402402408024006093900B7
:10974000400402400804024028080240100A3A007F
:1097500058040240080402402C080240160B3B004B
:10976000700402400C04024030080240000C3C002F
:10977000880402400C04024034080240060D4400F4
:10978000A00402400C04024038080240100E4500BC
:10979000B80402400C0402403C080240160F460088
:1097A0000100000000000000009600000000000022
:1097B00000000000000000000000000000000000A9
:1097C000000000006D6C0008716C00084D57000827
:1097D000855A0008E156000809570008315700086B
:1097E000C956000800000000395B0008255B00082E
:1097F000615B00084D5B0008595B0008455B000891
:10980000315B00081D5B00086D5B00080000000074
:10981000515C00083D5C0008795C0008655C00084C
:10982000715C00085D5C0008495C0008355C00085C
:10983000855C00080000000001000000000000003E
:1098400063300000409800080000000000000000A5
:10985000E0460020104900200000812A000000009E
:10986000AAAAAAAA00000024FFFE0000000000002F
:1098700000A00A000001000000000000AAAAAAAA95
:1098800000000000FFFF00000000000000000000DA
:109890001400AA5600000000AAAAAAAA140055544F
:1098A000FFFF000000000000CCCC0C0020681A1460
:1098B00000000000AAAA8AAA10541500FF9F000009
:1098C000000C700777000000408146150010000072
:1098D000AAAAAAAA00410100F795000000000070A2
:1098E000070000000000000000000000AAAAAAAAC9
:1098F00000000000FFFF000000000000000000006A
:109900000000000000000000AAAAAAAA00000000AF
:10991000FFFF000000000000000000000000000049
:1099200000000000AAAAAAAA00000000FFFF000091
:109930000000000000000000000000000000000027
:10994000AAAAAAAA00000000FFFF00000000000071
:10995000000000000000000000000000AAAAAAAA5F
:1099600000000000FFFF00000000000000000000F9
:109970000000000000000000AAAAAAAA000000003F
:10998000FFFF00000000000000000000437562655A
:1099900050696C6F7400437562654F72616E6765E4
:1099A0002B2D424C002553455249414C25000000C7
:1099B0000200000000000000715E0008E15E000887
:1099C00040004000C0610020D06100200200000083
:1099D000000000000300000000000000295F0008F4
:1099E0000000000010000000E06100200000000006
:1099F00001000000000000003C65002001010200A1
:109A0000696D0008796C0008156D0008F96C000894
:109A100043000000189A000809024300020100C038
:109A200032090400000102020100052400100105B2
:109A30002401000104240202052406000107058216
:109A4000030800FF09040100020A000000070501E5
:109A500002400000070581024000000012000000E3
:109A6000649A00081201100102000040AE2D581047
:109A700000020102030100000403090425424F41D2
:109A800052442500437562654F72616E6765506C84
:109A900075735F5357617264656E003031323334D1
:109AA00035363738394142434445460000000020EE
:109AB000000002000200000000000030000004006E
:109AC000080000000000002400000800040000005E
:109AD0000004000000FC0000020000000000043050
:109AE00000800000080000000000003800000100B5
:109AF000010000001F1C1F1E1F1E1F1F1E1F1E1FF8
:109B00001F1D1F1E1F1E1F1F1E1F1E1F00000000E7
:109B1000856000083D630008E963000840004000DC
:109B20007466002074660020010000008466002036
:109B3000800000004001000008000000000100005B
:109B4000001000000800000069646C65000000005F
:109B50006D61696E002C0438040438080C10141C64
:109B600020242526000000000000640401000400F9
:109B700000000000000C001028303400EC68FF7F6B
:109B800001000000FFFFFFFF2704000000000000AD
:109B900000001E0000000000FF0000001849002027
:109BA000203900208C390020F83900200000000006
:109BB000CC91000883040000D791000850040000F5
:109BC000E591000801000000000000000096000080
:109BD00000000800960000000008000004000000DB
:109BE000789A00080000000000000000000000005B
:0C9BF00000000000000000000000000069
:00000001FF
